Ngay,Index,Return
3/01/2012,350,0
4/01/2012,348.84,-0.00332
5/01/2012,340.94,-0.022907
6/01/2012,336.73,-0.012425
9/01/2012,339.32,0.007662
10/01/2012,344.68,0.015673
11/01/2012,347.43,0.007947
12/01/2012,348.11,0.001955
13/01/2012,354.33,0.01771
16/01/2012,357.87,0.009941
17/01/2012,358.86,0.002763
18/01/2012,362.66,0.010533
19/01/2012,373.43,0.029265
20/01/2012,373,-0.001152
30/01/2012,384.94,0.031509
31/01/2012,387.97,0.007841
1/02/2012,390.67,0.006935
2/02/2012,401.61,0.027618
3/02/2012,401.74,0.000324
6/02/2012,399.73,-0.005016
7/02/2012,401.08,0.003372
8/02/2012,409.53,0.020849
9/02/2012,411.39,0.004532
10/02/2012,405.02,-0.015605
13/02/2012,395.54,-0.023685
14/02/2012,400.26,0.011862
15/02/2012,397.41,-0.007146
16/02/2012,396.51,-0.002267
17/02/2012,403.3,0.016979
20/02/2012,413.98,0.026137
21/02/2012,410.91,-0.007443
22/02/2012,418.41,0.018088
23/02/2012,423.89,0.013012
24/02/2012,423.43,-0.001086
27/02/2012,428.41,0.011692
28/02/2012,422.22,-0.014554
29/02/2012,423.64,0.003358
1/03/2012,427.95,0.010122
2/03/2012,439.6,0.026859
5/03/2012,457.21,0.039278
6/03/2012,445,-0.027069
7/03/2012,444.02,-0.002205
8/03/2012,431.66,-0.028231
9/03/2012,432.11,0.001042
12/03/2012,428.02,-0.00951
13/03/2012,429.39,0.003196
14/03/2012,433.86,0.010356
15/03/2012,441.85,0.018249
16/03/2012,438.52,-0.007565
19/03/2012,438.07,-0.001027
20/03/2012,440.29,0.005055
21/03/2012,445.77,0.01237
22/03/2012,445.67,-0.000224
23/03/2012,454.1,0.018739
26/03/2012,459.26,0.011299
27/03/2012,445.9,-0.029522
28/03/2012,446.32,0.000941
29/03/2012,439.63,-0.015103
30/03/2012,441.03,0.003179
3/04/2012,445.77,0.01069
4/04/2012,439.77,-0.013551
5/04/2012,444.93,0.011665
6/04/2012,447.44,0.005625
9/04/2012,450.73,0.007326
10/04/2012,450.85,0.000266
11/04/2012,458.74,0.017349
12/04/2012,465.26,0.014113
13/04/2012,462.52,-0.005907
16/04/2012,468.26,0.012334
17/04/2012,472.84,0.009733
18/04/2012,472.16,-0.001439
19/04/2012,467.08,-0.010817
20/04/2012,465.72,-0.002916
23/04/2012,465.17,-0.001182
24/04/2012,465.65,0.001031
25/04/2012,472.87,0.015386
26/04/2012,470.21,-0.005641
27/04/2012,473.77,0.007543
2/05/2012,472.46,-0.002769
3/05/2012,468.8,-0.007777
4/05/2012,476.32,0.015914
7/05/2012,486.31,0.020756
8/05/2012,488.07,0.003613
9/05/2012,487.62,-0.000922
10/05/2012,486.07,-0.003184
11/05/2012,480.1,-0.012358
14/05/2012,469.69,-0.021922
15/05/2012,455.65,-0.030348
16/05/2012,449.91,-0.012677
17/05/2012,442.58,-0.016426
18/05/2012,434.95,-0.01739
21/05/2012,448.02,0.029607
22/05/2012,447.94,-0.000179
23/05/2012,436.75,-0.025298
24/05/2012,426.92,-0.022764
25/05/2012,437.38,0.024206
28/05/2012,435.48,-0.004354
29/05/2012,431.44,-0.00932
30/05/2012,435.34,0.008999
31/05/2012,429.2,-0.014204
1/06/2012,428.8,-0.000932
4/06/2012,416.65,-0.028744
5/06/2012,421.02,0.010434
6/06/2012,426.39,0.012674
7/06/2012,434.41,0.018634
8/06/2012,432.9,-0.003482
11/06/2012,432.5,-0.000924
12/06/2012,428.16,-0.010085
13/06/2012,427.61,-0.001285
14/06/2012,425.28,-0.005464
15/06/2012,433.09,0.018198
18/06/2012,435.59,0.005756
19/06/2012,431.08,-0.010408
20/06/2012,432.89,0.00419
21/06/2012,431.14,-0.004051
22/06/2012,427.17,-0.009251
25/06/2012,424.12,-0.007166
26/06/2012,419.19,-0.011692
27/06/2012,418.04,-0.002747
28/06/2012,418.16,0.000287
29/06/2012,422.37,0.010018
2/07/2012,419.3,-0.007295
3/07/2012,413.09,-0.014921
4/07/2012,410.73,-0.005729
5/07/2012,413.83,0.007519
6/07/2012,415.44,0.003883
9/07/2012,408.12,-0.017777
10/07/2012,405.39,-0.006712
11/07/2012,407.28,0.004651
12/07/2012,408.72,0.003529
13/07/2012,416.98,0.020008
16/07/2012,413.98,-0.007221
17/07/2012,417.55,0.008587
18/07/2012,418.83,0.003061
19/07/2012,428.38,0.022546
20/07/2012,424.47,-0.009169
23/07/2012,421.99,-0.00586
24/07/2012,415.63,-0.015186
25/07/2012,412.91,-0.006566
26/07/2012,414.8,0.004567
27/07/2012,413.16,-0.003962
30/07/2012,415,0.004444
31/07/2012,414.48,-0.001254
1/08/2012,412.55,-0.004667
2/08/2012,416.1,0.008568
3/08/2012,418.21,0.005058
6/08/2012,423.16,0.011767
7/08/2012,422.5,-0.001561
8/08/2012,423.57,0.002529
9/08/2012,426.98,0.008018
10/08/2012,425.56,-0.003331
13/08/2012,426.17,0.001432
14/08/2012,429.47,0.007714
15/08/2012,430.77,0.003022
16/08/2012,430.83,0.000139
17/08/2012,433.45,0.006063
20/08/2012,437.28,0.008797
21/08/2012,416.84,-0.047871
22/08/2012,410.23,-0.015984
23/08/2012,392.82,-0.043366
24/08/2012,399.72,0.017413
27/08/2012,386.19,-0.034435
28/08/2012,385.78,-0.001062
29/08/2012,393.06,0.018695
30/08/2012,397.25,0.010604
31/08/2012,396.02,-0.003101
4/09/2012,402.08,0.015186
5/09/2012,398.92,-0.00789
6/09/2012,393.41,-0.013909
7/09/2012,397.51,0.010368
10/09/2012,388.88,-0.021949
11/09/2012,386.62,-0.005829
12/09/2012,388.35,0.004465
13/09/2012,391.36,0.007721
14/09/2012,398.87,0.019008
17/09/2012,401.75,0.007194
18/09/2012,394.51,-0.018186
19/09/2012,394.55,0.000101
20/09/2012,389.28,-0.013447
21/09/2012,395.48,0.015801
24/09/2012,390.37,-0.013005
25/09/2012,391.77,0.00358
26/09/2012,395.12,0.008515
27/09/2012,393.34,-0.004515
28/09/2012,392.57,-0.00196
1/10/2012,386.55,-0.015454
2/10/2012,384.32,-0.005786
3/10/2012,385.37,0.002728
4/10/2012,384.51,-0.002234
5/10/2012,388.16,0.009448
8/10/2012,393.45,0.013536
9/10/2012,393.67,0.000559
10/10/2012,394.66,0.002512
11/10/2012,394.19,-0.001192
12/10/2012,392.54,-0.004195
15/10/2012,391.56,-0.0025
16/10/2012,399.22,0.019374
17/10/2012,397.02,-0.005526
18/10/2012,398.51,0.003746
19/10/2012,398.23,-0.000703
22/10/2012,397,-0.003093
23/10/2012,397.71,0.001787
24/10/2012,395.45,-0.005699
25/10/2012,389.92,-0.014083
26/10/2012,391.7,0.004555
29/10/2012,391.36,-0.000868
30/10/2012,389.86,-0.00384
31/10/2012,388.42,-0.0037
1/11/2012,387.95,-0.001211
2/11/2012,375.26,-0.033257
5/11/2012,377.27,0.005342
6/11/2012,376.95,-0.000849
7/11/2012,380.9,0.010424
8/11/2012,385.6,0.012264
9/11/2012,386.71,0.002874
12/11/2012,388.62,0.004927
13/11/2012,385.22,-0.008787
14/11/2012,387.71,0.006443
15/11/2012,386.91,-0.002066
16/11/2012,385.71,-0.003106
19/11/2012,383.32,-0.006216
20/11/2012,385.1,0.004633
21/11/2012,383.87,-0.003199
22/11/2012,383.22,-0.001695
23/11/2012,381.71,-0.003948
26/11/2012,377.9,-0.010032
27/11/2012,376.89,-0.002676
28/11/2012,375.79,-0.002923
29/11/2012,378.2,0.006393
30/11/2012,377.82,-0.001005
3/12/2012,379.27,0.00383
4/12/2012,382.1,0.007434
5/12/2012,385.69,0.009352
6/12/2012,385.69,0
7/12/2012,383.8,-0.004912
10/12/2012,386.69,0.007502
11/12/2012,389.37,0.006907
12/12/2012,391.08,0.004382
13/12/2012,391.19,0.000281
14/12/2012,392.21,0.002604
17/12/2012,393.63,0.003614
18/12/2012,393.39,-0.00061
19/12/2012,398.59,0.013132
20/12/2012,399.68,0.002731
21/12/2012,396.78,-0.007282
24/12/2012,399.71,0.007357
25/12/2012,401.34,0.00407
26/12/2012,406.1,0.01179
27/12/2012,409.97,0.009485
28/12/2012,413.73,0.00913
2/01/2013,418.35,0.011105
3/01/2013,419.27,0.002197
4/01/2013,426.06,0.016065
7/01/2013,434.19,0.018902
8/01/2013,447.16,0.029434
9/01/2013,448.77,0.003594
10/01/2013,460.12,0.024977
11/01/2013,462.69,0.00557
14/01/2013,458.97,-0.008072
15/01/2013,461.42,0.005324
16/01/2013,465.25,0.008266
17/01/2013,456.76,-0.018417
18/01/2013,454.16,-0.005709
21/01/2013,447.79,-0.014125
22/01/2013,442.85,-0.011093
23/01/2013,443.37,0.001174
24/01/2013,452.4,0.020162
25/01/2013,468.09,0.034094
28/01/2013,479.6,0.024292
29/01/2013,484.01,0.009153
30/01/2013,487.6,0.00739
31/01/2013,479.79,-0.016147
1/02/2013,483.42,0.007537
4/02/2013,482.38,-0.002154
5/02/2013,477.36,-0.010461
6/02/2013,488.36,0.022782
7/02/2013,490.62,0.004617
8/02/2013,494.03,0.006926
18/02/2013,493.95,-0.000162
19/02/2013,490.78,-0.006438
20/02/2013,494.83,0.008218
21/02/2013,476.73,-0.037264
22/02/2013,477.69,0.002012
25/02/2013,483.69,0.012482
26/02/2013,465.05,-0.039299
27/02/2013,465.72,0.00144
28/02/2013,474.56,0.018803
1/03/2013,477.15,0.005443
4/03/2013,468.74,-0.017783
5/03/2013,462.12,-0.014224
6/03/2013,471.09,0.019225
7/03/2013,466.63,-0.009513
8/03/2013,470.68,0.008642
11/03/2013,476.5,0.012289
12/03/2013,475.34,-0.002437
13/03/2013,473.18,-0.004554
14/03/2013,474.6,0.002996
15/03/2013,481.35,0.014122
18/03/2013,479.13,-0.004623
19/03/2013,480.48,0.002814
20/03/2013,487.04,0.013561
21/03/2013,491.79,0.009706
22/03/2013,489.99,-0.003667
25/03/2013,493.57,0.00728
26/03/2013,489.46,-0.008362
27/03/2013,491.26,0.003671
28/03/2013,490.67,-0.001202
29/03/2013,491.04,0.000754
1/04/2013,505.81,0.029636
2/04/2013,509.43,0.007131
3/04/2013,505.93,-0.006894
4/04/2013,497.35,-0.017104
5/04/2013,502.58,0.010461
8/04/2013,506.66,0.008085
9/04/2013,510.49,0.007531
10/04/2013,496.5,-0.027788
11/04/2013,504.07,0.015132
12/04/2013,494.27,-0.019633
15/04/2013,480.02,-0.029254
16/04/2013,478.07,-0.004071
17/04/2013,483.99,0.012307
18/04/2013,473.21,-0.022525
22/04/2013,468.43,-0.010153
23/04/2013,473.69,0.011166
24/04/2013,472.89,-0.00169
25/04/2013,476.59,0.007794
26/04/2013,474.51,-0.004374
2/05/2013,473.02,-0.003145
3/05/2013,475.24,0.004682
6/05/2013,488.32,0.027151
7/05/2013,485.58,-0.005627
8/05/2013,485.07,-0.001051
9/05/2013,486.22,0.002368
10/05/2013,486.1,-0.000247
13/05/2013,488.93,0.005805
14/05/2013,483.85,-0.010444
15/05/2013,485.97,0.004372
16/05/2013,490.34,0.008952
17/05/2013,487.6,-0.005604
20/05/2013,492.27,0.009532
21/05/2013,500.18,0.015941
22/05/2013,502.23,0.00409
23/05/2013,498.22,-0.008016
24/05/2013,500.24,0.004046
27/05/2013,512.41,0.024037
28/05/2013,516.33,0.007621
29/05/2013,515.09,-0.002404
30/05/2013,521.45,0.012272
31/05/2013,518.39,-0.005886
3/06/2013,517.03,-0.002627
4/06/2013,510.69,-0.012338
5/06/2013,514.64,0.007705
6/06/2013,520.9,0.01209
7/06/2013,527.97,0.013481
10/06/2013,524.56,-0.00648
11/06/2013,521.95,-0.004988
12/06/2013,518.24,-0.007133
13/06/2013,515.09,-0.006097
14/06/2013,509.03,-0.011835
17/06/2013,498.52,-0.020863
18/06/2013,498.88,0.000722
19/06/2013,503.37,0.00896
20/06/2013,499.51,-0.007698
21/06/2013,498.84,-0.001342
24/06/2013,489.74,-0.018411
25/06/2013,473.02,-0.034737
26/06/2013,473.53,0.001078
27/06/2013,482.95,0.019698
28/06/2013,481.13,-0.003776
1/07/2013,480.04,-0.002268
2/07/2013,489.84,0.020209
3/07/2013,487.35,-0.005096
4/07/2013,487.22,-0.000267
5/07/2013,485.66,-0.003207
8/07/2013,482.77,-0.005968
9/07/2013,485.5,0.005639
10/07/2013,484.43,-0.002206
11/07/2013,484.47,8.3e-05
12/07/2013,493.99,0.01946
15/07/2013,494.1,0.000223
16/07/2013,496.22,0.004281
17/07/2013,497.5,0.002576
18/07/2013,496.84,-0.001328
19/07/2013,503.76,0.013832
22/07/2013,506.16,0.004753
23/07/2013,504.29,-0.003701
24/07/2013,494.18,-0.020252
25/07/2013,491.78,-0.004868
26/07/2013,493.93,0.004362
29/07/2013,485.69,-0.016823
30/07/2013,488.54,0.005851
31/07/2013,491.85,0.006752
1/08/2013,492.43,0.001179
2/08/2013,494.66,0.004518
5/08/2013,493.66,-0.002024
6/08/2013,496.56,0.005857
7/08/2013,500.1,0.007104
8/08/2013,498.22,-0.003766
9/08/2013,500.62,0.004806
12/08/2013,499.46,-0.00232
13/08/2013,497.73,-0.00347
14/08/2013,503.57,0.011665
15/08/2013,508.22,0.009192
16/08/2013,507.79,-0.000846
19/08/2013,511.02,0.006341
20/08/2013,504.81,-0.012227
21/08/2013,502.7,-0.004189
22/08/2013,496.12,-0.013176
23/08/2013,486.82,-0.018923
26/08/2013,490.54,0.007612
27/08/2013,485.57,-0.010183
28/08/2013,473.3,-0.025594
29/08/2013,468.55,-0.010087
30/08/2013,472.7,0.008818
3/09/2013,472.17,-0.001122
4/09/2013,471.45,-0.001526
5/09/2013,477.57,0.012898
6/09/2013,480.03,0.005138
9/09/2013,470.16,-0.020776
10/09/2013,474.53,0.009252
11/09/2013,476.4,0.003933
12/09/2013,475.59,-0.001702
13/09/2013,476.42,0.001744
16/09/2013,475.57,-0.001786
17/09/2013,477.73,0.004532
18/09/2013,474.26,-0.00729
19/09/2013,476.09,0.003851
20/09/2013,477.19,0.002308
23/09/2013,479.09,0.003974
24/09/2013,482.82,0.007755
25/09/2013,486.22,0.007017
26/09/2013,485.11,-0.002286
27/09/2013,486.61,0.003087
30/09/2013,492.63,0.012295
1/10/2013,492.24,-0.000792
2/10/2013,494.39,0.004358
3/10/2013,492.3,-0.004236
4/10/2013,497.5,0.010507
7/10/2013,500.47,0.005952
8/10/2013,502.22,0.003491
9/10/2013,500.67,-0.003091
10/10/2013,494.81,-0.011773
11/10/2013,494.53,-0.000566
14/10/2013,493.62,-0.001842
15/10/2013,495.72,0.004245
16/10/2013,498.96,0.006515
17/10/2013,499.59,0.001262
18/10/2013,500.83,0.002479
21/10/2013,501.57,0.001476
22/10/2013,500.57,-0.001996
23/10/2013,504.05,0.006928
24/10/2013,501.17,-0.00573
25/10/2013,500.75,-0.000838
28/10/2013,496.46,-0.008604
29/10/2013,497.08,0.001248
30/10/2013,499.07,0.003995
31/10/2013,497.41,-0.003332
1/11/2013,497.08,-0.000664
4/11/2013,497.07,-2.00E-05
5/11/2013,499.79,0.005457
6/11/2013,502.52,0.005447
7/11/2013,499.86,-0.005307
8/11/2013,498.61,-0.002504
11/11/2013,501.08,0.004942
12/11/2013,497.65,-0.006869
13/11/2013,496.12,-0.003079
14/11/2013,497.85,0.003481
15/11/2013,501.34,0.006986
18/11/2013,506.48,0.0102
19/11/2013,504.71,-0.003501
20/11/2013,505.52,0.001604
21/11/2013,503.54,-0.003924
22/11/2013,505.64,0.004162
25/11/2013,506.46,0.00162
26/11/2013,509.16,0.005317
27/11/2013,508.43,-0.001435
28/11/2013,507.71,-0.001417
29/11/2013,507.78,0.000138
2/12/2013,508.53,0.001476
3/12/2013,511.62,0.006058
4/12/2013,510.88,-0.001447
5/12/2013,510.03,-0.001665
6/12/2013,510.12,0.000176
9/12/2013,511.23,0.002174
10/12/2013,511.6,0.000723
11/12/2013,505.31,-0.012371
12/12/2013,506.92,0.003181
13/12/2013,506.06,-0.001698
16/12/2013,502.04,-0.007975
17/12/2013,505.67,0.007204
18/12/2013,505.25,-0.000831
19/12/2013,506.28,0.002037
20/12/2013,504.45,-0.003621
23/12/2013,508.68,0.00835
24/12/2013,505.62,-0.006034
25/12/2013,504.42,-0.002376
26/12/2013,506.55,0.004214
27/12/2013,506.41,-0.000276
30/12/2013,500.35,-0.012039
31/12/2013,504.63,0.008518
2/01/2014,504.51,-0.000238
3/01/2014,505.37,0.001703
6/01/2014,509.1,0.007354
7/01/2014,510.12,0.002002
8/01/2014,513.9,0.007383
9/01/2014,516.98,0.005975
10/01/2014,518.94,0.003784
13/01/2014,521.11,0.004173
14/01/2014,522.31,0.0023
15/01/2014,526.68,0.008332
16/01/2014,533.54,0.012941
17/01/2014,543.59,0.018661
20/01/2014,553.67,0.018374
21/01/2014,559.91,0.011207
22/01/2014,551.92,-0.014373
23/01/2014,553.55,0.002949
24/01/2014,560.19,0.011924
27/01/2014,556.52,-0.006573
6/02/2014,554.68,-0.003312
7/02/2014,549.76,-0.00891
10/02/2014,555.9,0.011107
11/02/2014,553.9,-0.003604
12/02/2014,564.25,0.018513
13/02/2014,570.18,0.010455
14/02/2014,572.22,0.003571
17/02/2014,570.2,-0.003536
18/02/2014,574.56,0.007617
19/02/2014,578.12,0.006177
20/02/2014,571.04,-0.012322
21/02/2014,570.57,-0.000823
24/02/2014,576.58,0.010478
25/02/2014,586.2,0.016547
26/02/2014,589.81,0.006139
27/02/2014,584.79,-0.008548
28/02/2014,586.48,0.002886
3/03/2014,573.38,-0.02259
4/03/2014,569.97,-0.005965
5/03/2014,574.94,0.008682
6/03/2014,578.56,0.006277
7/03/2014,579.75,0.002055
10/03/2014,583.69,0.006773
11/03/2014,588.5,0.008207
12/03/2014,590.02,0.00258
13/03/2014,595.22,0.008775
14/03/2014,596.83,0.002701
17/03/2014,600.36,0.005897
18/03/2014,599.85,-0.00085
19/03/2014,605.59,0.009524
20/03/2014,600.26,-0.00884
21/03/2014,601.75,0.002479
24/03/2014,607.55,0.009592
25/03/2014,601.85,-0.009426
26/03/2014,588.06,-0.023179
27/03/2014,590.14,0.003531
28/03/2014,594.29,0.007008
31/03/2014,591.57,-0.004587
1/04/2014,583.85,-0.013136
2/04/2014,581.67,-0.003741
3/04/2014,589.44,0.01327
4/04/2014,593.04,0.006089
7/04/2014,600.57,0.012617
8/04/2014,603.25,0.004453
10/04/2014,601.33,-0.003188
11/04/2014,600.57,-0.001265
14/04/2014,596.11,-0.007454
15/04/2014,586.09,-0.016952
16/04/2014,574.29,-0.020339
17/04/2014,580.31,0.010428
18/04/2014,565.33,-0.026153
21/04/2014,558.14,-0.0128
22/04/2014,569.87,0.020798
23/04/2014,569.36,-0.000895
24/04/2014,570.46,0.00193
25/04/2014,578.92,0.014721
28/04/2014,573.1,-0.010104
29/04/2014,578,0.008514
5/05/2014,564.85,-0.023014
6/05/2014,555.11,-0.017394
7/05/2014,559.97,0.008717
8/05/2014,527.09,-0.060512
9/05/2014,542.46,0.028743
12/05/2014,517.05,-0.047975
13/05/2014,513.91,-0.006091
14/05/2014,529.53,0.029942
15/05/2014,524.05,-0.010403
16/05/2014,529.49,0.010327
19/05/2014,533.04,0.006682
20/05/2014,537.52,0.00837
21/05/2014,543.88,0.011763
22/05/2014,541.73,-0.003961
23/05/2014,541.49,-0.000443
26/05/2014,544.06,0.004735
27/05/2014,552.75,0.015846
28/05/2014,557.34,0.00827
29/05/2014,558.45,0.00199
30/05/2014,562.02,0.006372
2/06/2014,556.8,-0.009331
3/06/2014,558.76,0.003514
4/06/2014,553.46,-0.009531
5/06/2014,551.1,-0.004273
6/06/2014,559.04,0.014305
9/06/2014,565.61,0.011684
10/06/2014,566.89,0.00226
11/06/2014,570.36,0.006102
12/06/2014,573.77,0.005961
13/06/2014,574.48,0.001237
16/06/2014,572.37,-0.00368
17/06/2014,572.25,-0.00021
18/06/2014,570.03,-0.003887
19/06/2014,567.35,-0.004713
20/06/2014,560.78,-0.011648
23/06/2014,565.92,0.009124
24/06/2014,569.74,0.006727
25/06/2014,572.27,0.004431
26/06/2014,576.4,0.007191
27/06/2014,578.82,0.00419
30/06/2014,578.13,-0.001193
1/07/2014,578.07,-0.000104
2/07/2014,578.8,0.001262
3/07/2014,585.02,0.010689
4/07/2014,589.35,0.007374
7/07/2014,590.69,0.002271
8/07/2014,591.47,0.00132
9/07/2014,591.6,0.00022
10/07/2014,584.88,-0.011424
11/07/2014,582.77,-0.003614
14/07/2014,586.23,0.00592
15/07/2014,589.31,0.00524
16/07/2014,589.68,0.000628
17/07/2014,590.37,0.001169
18/07/2014,596.26,0.009927
21/07/2014,601.04,0.007985
22/07/2014,597.98,-0.005104
23/07/2014,597.5,-0.000803
24/07/2014,602.06,0.007603
25/07/2014,600.14,-0.003194
28/07/2014,589.45,-0.017973
29/07/2014,592.24,0.004722
30/07/2014,589.33,-0.004926
31/07/2014,596.07,0.011372
1/08/2014,593.9,-0.003647
4/08/2014,599.04,0.008617
5/08/2014,607.73,0.014402
6/08/2014,606.7,-0.001696
7/08/2014,607.62,0.001515
8/08/2014,605.43,-0.003611
11/08/2014,602.13,-0.005466
12/08/2014,601.78,-0.000581
13/08/2014,602.76,0.001627
14/08/2014,605.25,0.004122
15/08/2014,604.24,-0.00167
18/08/2014,605.08,0.001389
19/08/2014,604.64,-0.000727
20/08/2014,606.7,0.003401
21/08/2014,612.94,0.010233
22/08/2014,620.14,0.011678
25/08/2014,625.88,0.009213
26/08/2014,629.06,0.005068
27/08/2014,628.77,-0.000461
28/08/2014,632.03,0.005171
29/08/2014,636.65,0.007283
3/09/2014,640.75,0.006419
4/09/2014,640.22,-0.000827
5/09/2014,638.65,-0.002455
8/09/2014,639.85,0.001877
9/09/2014,626.92,-0.020415
10/09/2014,628.8,0.002994
11/09/2014,628.99,0.000302
12/09/2014,632.5,0.005565
15/09/2014,630.34,-0.003421
16/09/2014,627.66,-0.004261
17/09/2014,625.66,-0.003192
18/09/2014,615.8,-0.015885
19/09/2014,613.29,-0.004084
22/09/2014,611.93,-0.00222
23/09/2014,610.39,-0.00252
24/09/2014,603.59,-0.011203
25/09/2014,605.1,0.002499
26/09/2014,604.98,-0.000198
29/09/2014,599.78,-0.008632
30/09/2014,598.8,-0.001635
1/10/2014,609.27,0.017334
2/10/2014,612.66,0.005549
3/10/2014,611.55,-0.001813
6/10/2014,614.42,0.004682
7/10/2014,614.08,-0.000554
8/10/2014,617.26,0.005165
9/10/2014,624.34,0.011405
10/10/2014,617.72,-0.01066
13/10/2014,614.22,-0.005682
14/10/2014,605.79,-0.01382
15/10/2014,604.29,-0.002479
16/10/2014,587.17,-0.02874
17/10/2014,585.28,-0.003224
20/10/2014,589.24,0.006743
21/10/2014,600.55,0.019012
22/10/2014,601.59,0.00173
23/10/2014,593.53,-0.013488
24/10/2014,591.51,-0.003409
27/10/2014,580.8,-0.018272
28/10/2014,583.13,0.004004
29/10/2014,591.2,0.013744
30/10/2014,589.14,-0.003491
31/10/2014,600.84,0.019665
3/11/2014,603.15,0.003837
4/11/2014,598.39,-0.007923
5/11/2014,597.01,-0.002309
6/11/2014,597.85,0.001406
7/11/2014,602.59,0.007897
10/11/2014,602.12,-0.00078
11/11/2014,604.23,0.003498
12/11/2014,604.01,-0.000364
13/11/2014,603.16,-0.001408
14/11/2014,600.36,-0.004653
17/11/2014,600.93,0.000949
18/11/2014,594.25,-0.011178
19/11/2014,588.35,-0.009978
20/11/2014,593.32,0.008412
21/11/2014,588.03,-0.008956
24/11/2014,582.53,-0.009397
25/11/2014,585.91,0.005786
26/11/2014,576.04,-0.016989
27/11/2014,572.89,-0.005483
28/11/2014,566.58,-0.011075
1/12/2014,568.01,0.002521
2/12/2014,569.43,0.002497
3/12/2014,574.88,0.009525
4/12/2014,578.38,0.00607
5/12/2014,578.76,0.000657
8/12/2014,571.68,-0.012308
9/12/2014,555.31,-0.029053
10/12/2014,557.19,0.00338
11/12/2014,550.11,-0.012788
12/12/2014,553.93,0.00692
15/12/2014,547.93,-0.010891
16/12/2014,535.14,-0.023619
17/12/2014,518.22,-0.032129
18/12/2014,528.45,0.019548
19/12/2014,523.09,-0.010195
22/12/2014,537.54,0.02725
23/12/2014,537.88,0.000632
24/12/2014,539.44,0.002896
25/12/2014,532.01,-0.013869
26/12/2014,533.37,0.002553
29/12/2014,532.68,-0.001294
30/12/2014,537.57,0.009138
31/12/2014,545.63,0.014882
5/01/2015,544.45,-0.002165
6/01/2015,549.66,0.009524
7/01/2015,552.05,0.004339
8/01/2015,553.47,0.002569
9/01/2015,569.73,0.028955
12/01/2015,574.32,0.008024
13/01/2015,580.6,0.010875
14/01/2015,577.01,-0.006202
15/01/2015,577.74,0.001264
16/01/2015,574.81,-0.005084
19/01/2015,571.51,-0.005758
20/01/2015,572.22,0.001242
21/01/2015,569.12,-0.005432
22/01/2015,574.54,0.009478
23/01/2015,582.38,0.013553
26/01/2015,580.64,-0.002992
27/01/2015,579.3,-0.00231
28/01/2015,583.76,0.007669
29/01/2015,583.28,-0.000823
30/01/2015,576.07,-0.012438
2/02/2015,570.37,-0.009944
3/02/2015,557.47,-0.022877
4/02/2015,561.45,0.007114
5/02/2015,567.17,0.010136
6/02/2015,574.13,0.012197
9/02/2015,573.55,-0.001011
10/02/2015,574.52,0.00169
11/02/2015,581.76,0.012523
12/02/2015,584.67,0.00499
13/02/2015,587.24,0.004386
24/02/2015,596.95,0.0164
25/02/2015,592.66,-0.007212
26/02/2015,596.72,0.006827
27/02/2015,592.57,-0.006979
2/03/2015,590.73,-0.00311
3/03/2015,596.72,0.010089
4/03/2015,600.39,0.006131
5/03/2015,596.91,-0.005813
6/03/2015,593.97,-0.004938
9/03/2015,588.44,-0.009354
10/03/2015,589.66,0.002071
11/03/2015,586.54,-0.005305
12/03/2015,588.53,0.003387
13/03/2015,586.1,-0.004137
16/03/2015,580.8,-0.009084
17/03/2015,581.76,0.001652
18/03/2015,578.68,-0.005308
19/03/2015,573.74,-0.008573
20/03/2015,575.44,0.002959
23/03/2015,570.89,-0.007938
24/03/2015,567.43,-0.006079
25/03/2015,560.93,-0.011521
26/03/2015,556.16,-0.00854
27/03/2015,551.42,-0.008559
30/03/2015,545.19,-0.011362
31/03/2015,551.13,0.010836
1/04/2015,538.91,-0.022422
2/04/2015,546.85,0.014626
3/04/2015,547.85,0.001827
6/04/2015,542.97,-0.008947
7/04/2015,548.11,0.009422
8/04/2015,547.72,-0.000712
9/04/2015,550.52,0.005099
10/04/2015,554.03,0.006356
13/04/2015,559.54,0.009896
14/04/2015,558.67,-0.001556
15/04/2015,564.5,0.010381
16/04/2015,568.28,0.006674
17/04/2015,568.32,7e-05
20/04/2015,565.04,-0.005788
21/04/2015,562.24,-0.004968
22/04/2015,562.51,0.00048
23/04/2015,561.25,-0.002242
24/04/2015,565.77,0.008021
27/04/2015,562.4,-0.005974
4/05/2015,545.08,-0.031281
5/05/2015,552.65,0.013792
6/05/2015,549.3,-0.00608
7/05/2015,552.98,0.006677
8/05/2015,554.51,0.002763
11/05/2015,551.67,-0.005135
12/05/2015,544.41,-0.013247
13/05/2015,542.82,-0.002925
14/05/2015,543.69,0.001601
15/05/2015,537.44,-0.011562
18/05/2015,528.95,-0.015923
19/05/2015,536.82,0.014769
20/05/2015,550.1,0.024437
21/05/2015,552.56,0.004462
22/05/2015,561.82,0.016619
25/05/2015,563,0.002098
26/05/2015,567.2,0.007432
27/05/2015,566.48,-0.00127
28/05/2015,572.97,0.011392
29/05/2015,569.56,-0.005969
1/06/2015,574.98,0.009471
2/06/2015,570.31,-0.008155
3/06/2015,567.9,-0.004235
4/06/2015,568.99,0.001918
5/06/2015,578.07,0.015832
8/06/2015,579.83,0.00304
9/06/2015,574.47,-0.009287
10/06/2015,574.1,-0.000644
11/06/2015,581.05,0.012033
12/06/2015,582.73,0.002887
15/06/2015,586.48,0.006415
16/06/2015,580.35,-0.010507
17/06/2015,578.87,-0.002553
18/06/2015,580.35,0.002553
19/06/2015,584.7,0.007468
22/06/2015,594.08,0.015915
23/06/2015,593.07,-0.001702
24/06/2015,590.02,-0.005156
25/06/2015,587.99,-0.003446
26/06/2015,581.75,-0.010669
29/06/2015,591.75,0.017043
30/06/2015,593.05,0.002194
1/07/2015,591.5,-0.002617
2/07/2015,605.7,0.023723
3/07/2015,616.43,0.01756
6/07/2015,625.22,0.014159
7/07/2015,630.27,0.008045
8/07/2015,623.17,-0.011329
9/07/2015,622.1,-0.001719
10/07/2015,627.28,0.008292
13/07/2015,634.06,0.010751
14/07/2015,638.69,0.007276
15/07/2015,630.89,-0.012288
16/07/2015,626.9,-0.006344
17/07/2015,628.63,0.002756
20/07/2015,620.54,-0.012953
21/07/2015,616.61,-0.006353
22/07/2015,629.85,0.021245
23/07/2015,632.01,0.003424
24/07/2015,631.26,-0.001187
27/07/2015,635.46,0.006631
28/07/2015,631.47,-0.006299
29/07/2015,624.7,-0.010779
30/07/2015,626.57,0.002989
31/07/2015,621.06,-0.008833
3/08/2015,609.47,-0.018838
4/08/2015,600.76,-0.014394
5/08/2015,607.08,0.010465
6/08/2015,601.04,-0.009999
7/08/2015,603.76,0.004515
10/08/2015,614.53,0.017681
11/08/2015,613.05,-0.002411
12/08/2015,604.24,-0.014475
13/08/2015,594.26,-0.016655
14/08/2015,589.03,-0.00884
17/08/2015,573.15,-0.02733
18/08/2015,580.22,0.01226
19/08/2015,577.82,-0.004145
20/08/2015,566.69,-0.01945
21/08/2015,556.3,-0.018505
24/08/2015,526.93,-0.05424
25/08/2015,529.98,0.005772
26/08/2015,545.89,0.029578
27/08/2015,555.81,0.018009
28/08/2015,570.87,0.026735
31/08/2015,564.75,-0.010778
1/09/2015,562.31,-0.00433
3/09/2015,554.3,-0.014347
4/09/2015,556.81,0.004518
7/09/2015,554.93,-0.003382
8/09/2015,566.72,0.021023
9/09/2015,572.34,0.009868
10/09/2015,572.07,-0.000472
11/09/2015,566.74,-0.009361
14/09/2015,562.17,-0.008096
15/09/2015,563.27,0.001955
16/09/2015,564.13,0.001526
17/09/2015,562.48,-0.002929
18/09/2015,566.25,0.00668
21/09/2015,572.12,0.010313
22/09/2015,573.2,0.001886
23/09/2015,572.72,-0.000838
24/09/2015,570.25,-0.004322
25/09/2015,570.38,0.000228
28/09/2015,564.88,-0.009689
29/09/2015,561.19,-0.006554
30/09/2015,562.64,0.00258
1/10/2015,563.54,0.001598
2/10/2015,564.15,0.001082
5/10/2015,570,0.010316
6/10/2015,581.29,0.019613
7/10/2015,579.57,-0.002963
8/10/2015,586.78,0.012364
9/10/2015,588.02,0.002111
12/10/2015,592.1,0.006915
13/10/2015,590.84,-0.00213
14/10/2015,589.98,-0.001457
15/10/2015,592.4,0.004093
16/10/2015,593.02,0.001046
19/10/2015,594.61,0.002678
20/10/2015,590.45,-0.007021
21/10/2015,590.24,-0.000356
22/10/2015,595.08,0.008167
23/10/2015,601.74,0.01113
26/10/2015,598.61,-0.005215
27/10/2015,598.44,-0.000284
28/10/2015,596.24,-0.003683
29/10/2015,605.2,0.014916
30/10/2015,607.37,0.003579
2/11/2015,602.76,-0.007619
3/11/2015,611.71,0.014739
4/11/2015,610.6,-0.001816
5/11/2015,615.18,0.007473
6/11/2015,612.36,-0.004595
9/11/2015,610.66,-0.00278
10/11/2015,605.27,-0.008866
11/11/2015,603.53,-0.002879
12/11/2015,605.58,0.003391
13/11/2015,611.27,0.009352
16/11/2015,609.21,-0.003376
17/11/2015,605.05,-0.006852
18/11/2015,603.34,-0.00283
19/11/2015,601.9,-0.00239
20/11/2015,604.46,0.004244
23/11/2015,599.99,-0.007423
24/11/2015,593.83,-0.01032
25/11/2015,595.7,0.003144
26/11/2015,590.4,-0.008937
27/11/2015,582.86,-0.012853
30/11/2015,573.2,-0.016712
1/12/2015,570.41,-0.004879
2/12/2015,574.42,0.007005
3/12/2015,574.38,-7.00E-05
4/12/2015,571.62,-0.004817
7/12/2015,563.62,-0.014094
8/12/2015,574.15,0.01851
9/12/2015,565.2,-0.015711
10/12/2015,561.04,-0.007387
11/12/2015,563.43,0.004251
14/12/2015,562.22,-0.00215
15/12/2015,568,0.010228
16/12/2015,572.55,0.007979
17/12/2015,577.11,0.007933
18/12/2015,568.18,-0.015595
21/12/2015,566.9,-0.002255
22/12/2015,566.35,-0.000971
23/12/2015,564.27,-0.003679
24/12/2015,566.17,0.003362
25/12/2015,567.67,0.002646
28/12/2015,569.9,0.003921
29/12/2015,576.29,0.01115
30/12/2015,579.45,0.005468
31/12/2015,579.03,-0.000725
4/01/2016,574.41,-0.008011
5/01/2016,569.94,-0.007812
6/01/2016,574.57,0.008091
7/01/2016,565.36,-0.016159
8/01/2016,560.05,-0.009437
11/01/2016,557.87,-0.0039
12/01/2016,564.26,0.011389
13/01/2016,560.37,-0.006918
14/01/2016,553.03,-0.013185
15/01/2016,543.04,-0.018229
18/01/2016,526.37,-0.031179
19/01/2016,535.77,0.017701
20/01/2016,529.44,-0.011885
21/01/2016,521.88,-0.014382
22/01/2016,522.24,0.00069
25/01/2016,542.35,0.037784
26/01/2016,537.73,-0.008555
27/01/2016,542.69,0.009182
28/01/2016,539.47,-0.005951
29/01/2016,545.25,0.010657
1/02/2016,540.56,-0.008639
2/02/2016,536.45,-0.007632
3/02/2016,539.07,0.004872
4/02/2016,542.15,0.005697
5/02/2016,544.75,0.004784
15/02/2016,543.79,-0.001764
16/02/2016,548.05,0.007803
17/02/2016,547.05,-0.001826
18/02/2016,552.49,0.009895
19/02/2016,554.03,0.002784
22/02/2016,560.71,0.011985
23/02/2016,561.28,0.001016
24/02/2016,568.04,0.011972
25/02/2016,562.82,-0.009232
26/02/2016,566.11,0.005829
29/02/2016,559.37,-0.011977
1/03/2016,561.56,0.003907
2/03/2016,570.18,0.015233
3/03/2016,570.39,0.000368
4/03/2016,573.65,0.005699
7/03/2016,576.2,0.004435
8/03/2016,574.71,-0.002589
9/03/2016,571.71,-0.005234
10/03/2016,575.91,0.00732
11/03/2016,577.26,0.002341
14/03/2016,577.98,0.001246
15/03/2016,574.04,-0.00684
16/03/2016,577.07,0.005264
17/03/2016,579.26,0.003788
18/03/2016,575.82,-0.005956
21/03/2016,572.27,-0.006184
22/03/2016,570.91,-0.002379
23/03/2016,574.71,0.006634
24/03/2016,570.66,-0.007072
25/03/2016,572.08,0.002485
28/03/2016,575.72,0.006343
29/03/2016,568.28,-0.013007
30/03/2016,569.91,0.002864
31/03/2016,561.22,-0.015365
1/04/2016,558.43,-0.004984
4/04/2016,555.82,-0.004685
5/04/2016,560.32,0.008064
6/04/2016,567.79,0.013244
7/04/2016,571.6,0.006688
8/04/2016,572.34,0.001294
11/04/2016,579.27,0.012035
12/04/2016,579.84,0.000984
13/04/2016,578.02,-0.003144
14/04/2016,579.49,0.00254
15/04/2016,579.86,0.000638
19/04/2016,568.28,-0.020172
20/04/2016,568.03,-0.00044
21/04/2016,575.73,0.013465
22/04/2016,592.48,0.028678
25/04/2016,591.58,-0.00152
26/04/2016,598.48,0.011596
27/04/2016,593.96,-0.007581
28/04/2016,591.67,-0.003863
29/04/2016,598.37,0.01126
4/05/2016,599.07,0.001169
5/05/2016,601.51,0.004065
6/05/2016,606.52,0.008295
9/05/2016,603.85,-0.004412
10/05/2016,605.05,0.001985
11/05/2016,614.06,0.014782
12/05/2016,612.12,-0.003164
13/05/2016,610.82,-0.002126
16/05/2016,615.78,0.008087
17/05/2016,624.75,0.014462
18/05/2016,622.45,-0.003688
19/05/2016,619.2,-0.005235
20/05/2016,614.81,-0.007115
23/05/2016,611.03,-0.006167
24/05/2016,611.62,0.000965
25/05/2016,611.89,0.000441
26/05/2016,604.34,-0.012416
27/05/2016,608.11,0.006219
30/05/2016,614.5,0.010453
31/05/2016,618.44,0.006391
1/06/2016,619.86,0.002293
2/06/2016,623.37,0.005647
3/06/2016,621.88,-0.002393
6/06/2016,620.05,-0.002947
7/06/2016,624.65,0.007391
8/06/2016,627.87,0.005142
9/06/2016,631.26,0.005385
10/06/2016,629.84,-0.002252
13/06/2016,623.58,-0.009989
14/06/2016,625.43,0.002962
15/06/2016,627.02,0.002539
16/06/2016,625.11,-0.003051
17/06/2016,619.25,-0.009419
20/06/2016,626.46,0.011576
21/06/2016,628,0.002455
22/06/2016,626.41,-0.002535
23/06/2016,632.27,0.009311
24/06/2016,620.77,-0.018356
27/06/2016,621.27,0.000805
28/06/2016,622.2,0.001496
29/06/2016,630.12,0.012649
30/06/2016,632.26,0.00339
1/07/2016,640.3,0.012636
4/07/2016,647.96,0.011892
5/07/2016,650.88,0.004496
6/07/2016,649.46,-0.002184
7/07/2016,661.12,0.017794
8/07/2016,658.68,-0.003698
11/07/2016,652.26,-0.009795
12/07/2016,658.9,0.010129
13/07/2016,675.12,0.024319
14/07/2016,666.69,-0.012565
15/07/2016,664.56,-0.0032
18/07/2016,673.5,0.013363
19/07/2016,667.76,-0.008559
20/07/2016,660.26,-0.011295
21/07/2016,659.57,-0.001046
22/07/2016,649.87,-0.014816
25/07/2016,649.3,-0.000877
26/07/2016,648.59,-0.001094
27/07/2016,656.11,0.011528
28/07/2016,657.14,0.001569
29/07/2016,652.23,-0.0075
1/08/2016,648.38,-0.00592
2/08/2016,636.05,-0.0192
3/08/2016,631.61,-0.007005
4/08/2016,631.94,0.000522
5/08/2016,627.39,-0.007226
8/08/2016,629.46,0.003294
9/08/2016,637.34,0.012441
10/08/2016,648.33,0.017097
11/08/2016,660.24,0.018204
12/08/2016,655.71,-0.006885
15/08/2016,659.47,0.005718
16/08/2016,658.11,-0.002064
17/08/2016,660.51,0.00364
18/08/2016,660.65,0.000212
19/08/2016,662.28,0.002464
22/08/2016,657.68,-0.00697
23/08/2016,659.16,0.002248
24/08/2016,660.77,0.00244
25/08/2016,658.5,-0.003441
26/08/2016,667.75,0.013949
29/08/2016,669.44,0.002528
30/08/2016,672.67,0.004813
31/08/2016,674.63,0.00291
1/09/2016,669.19,-0.008096
5/09/2016,664.55,-0.006958
6/09/2016,663.9,-0.000979
7/09/2016,661.28,-0.003954
8/09/2016,666.07,0.007217
9/09/2016,666.88,0.001215
12/09/2016,659.76,-0.010734
13/09/2016,659.72,-6.10E-05
14/09/2016,656.64,-0.00468
15/09/2016,656.18,-0.000701
16/09/2016,651.31,-0.007449
19/09/2016,657.89,0.010052
20/09/2016,663.37,0.008295
21/09/2016,668.48,0.007674
22/09/2016,671.38,0.004329
23/09/2016,674.09,0.004028
26/09/2016,677.04,0.004367
27/09/2016,684.89,0.011528
28/09/2016,686.72,0.002668
29/09/2016,688.55,0.002661
30/09/2016,685.73,-0.004104
3/10/2016,683.05,-0.003916
4/10/2016,684.2,0.001682
5/10/2016,687.04,0.004142
6/10/2016,687.32,0.000407
7/10/2016,683.95,-0.004915
10/10/2016,674.19,-0.014373
11/10/2016,682.36,0.012045
12/10/2016,682.45,0.000132
13/10/2016,685.23,0.004065
14/10/2016,687,0.00258
17/10/2016,680.95,-0.008845
18/10/2016,682.02,0.00157
19/10/2016,688.89,0.010023
20/10/2016,686.39,-0.003636
21/10/2016,684.83,-0.002275
24/10/2016,678.02,-0.009994
25/10/2016,676.18,-0.002717
26/10/2016,673.61,-0.003808
27/10/2016,676.9,0.004872
28/10/2016,682.25,0.007873
31/10/2016,675.8,-0.009499
1/11/2016,676.6,0.001183
2/11/2016,671.4,-0.007715
3/11/2016,667.63,-0.005631
4/11/2016,666.73,-0.001349
7/11/2016,674.14,0.011053
8/11/2016,676.46,0.003436
9/11/2016,670.26,-0.009208
10/11/2016,678.17,0.011732
11/11/2016,679.2,0.001518
14/11/2016,673.05,-0.009096
15/11/2016,674.26,0.001796
16/11/2016,674.6,0.000504
17/11/2016,674.57,-4.40E-05
18/11/2016,673.25,-0.001959
21/11/2016,674.29,0.001544
22/11/2016,681.91,0.011237
23/11/2016,683.16,0.001831
24/11/2016,678.18,-0.007316
25/11/2016,675.87,-0.003412
28/11/2016,665.29,-0.015778
29/11/2016,658.26,-0.010623
30/11/2016,665.07,0.010292
1/12/2016,666.54,0.002208
2/12/2016,665.14,-0.002103
5/12/2016,660.21,-0.00744
6/12/2016,651.49,-0.013296
7/12/2016,653.53,0.003126
8/12/2016,658.89,0.008168
9/12/2016,663.07,0.006324
12/12/2016,659.7,-0.005095
13/12/2016,654.66,-0.007669
14/12/2016,665.14,0.015882
15/12/2016,665.92,0.001172
16/12/2016,675.16,0.01378
19/12/2016,674.33,-0.00123
20/12/2016,662.66,-0.017458
21/12/2016,666.94,0.006438
22/12/2016,664.15,-0.004192
23/12/2016,664.37,0.000331
26/12/2016,662.45,-0.002894
27/12/2016,663.86,0.002126
28/12/2016,663.5,-0.000542
29/12/2016,664.72,0.001837
30/12/2016,664.87,0.000226
3/01/2017,672.01,0.010682
4/01/2017,674.7,0.003995
5/01/2017,675.81,0.001644
6/01/2017,679.8,0.005887
9/01/2017,682.57,0.004066
10/01/2017,681.07,-0.0022
11/01/2017,687.16,0.008902
12/01/2017,686.96,-0.000291
13/01/2017,685.06,-0.00277
16/01/2017,677.94,-0.010448
17/01/2017,684.71,0.009937
18/01/2017,683.28,-0.002091
19/01/2017,682.31,-0.001421
20/01/2017,686.26,0.005772
23/01/2017,687.15,0.001296
24/01/2017,691.36,0.006108
25/01/2017,697.28,0.008526
2/02/2017,703.18,0.008426
3/02/2017,700.35,-0.004033
6/02/2017,700.04,-0.000443
7/02/2017,701.91,0.002668
8/02/2017,702.04,0.000185
9/02/2017,700.65,-0.001982
10/02/2017,703.78,0.004457
13/02/2017,705.9,0.003008
14/02/2017,706.26,0.00051
15/02/2017,711.57,0.00749
16/02/2017,709.35,-0.003125
17/02/2017,707.83,-0.002145
20/02/2017,710.59,0.003892
21/02/2017,716.55,0.008352
22/02/2017,717.24,0.000962
23/02/2017,716.87,-0.000516
24/02/2017,714.47,-0.003354
27/02/2017,717.44,0.004148
28/02/2017,710.79,-0.009312
1/03/2017,709.52,-0.001788
2/03/2017,707.51,-0.002837
3/03/2017,712.62,0.007197
6/03/2017,716.29,0.005137
7/03/2017,716.54,0.000349
8/03/2017,716.6,8.4e-05
9/03/2017,715.8,-0.001117
10/03/2017,712.21,-0.005028
13/03/2017,710.17,-0.002868
14/03/2017,714.71,0.006372
15/03/2017,713.14,-0.002199
16/03/2017,714.92,0.002493
17/03/2017,710.54,-0.006145
20/03/2017,715.07,0.006355
21/03/2017,716.18,0.001551
22/03/2017,712.94,-0.004534
23/03/2017,719.56,0.009243
24/03/2017,722.14,0.003579
27/03/2017,723.52,0.001909
28/03/2017,719.26,-0.005905
29/03/2017,720.47,0.001681
30/03/2017,723.86,0.004694
31/03/2017,722.31,-0.002144
3/04/2017,722.38,9.7e-05
4/04/2017,724.14,0.002433
5/04/2017,723.22,-0.001271
7/04/2017,727.95,0.006519
10/04/2017,729.87,0.002634
11/04/2017,731.33,0.001998
12/04/2017,725.58,-0.007893
13/04/2017,724.35,-0.001697
14/04/2017,718.45,-0.008179
17/04/2017,710.83,-0.010663
18/04/2017,714.93,0.005751
19/04/2017,716.77,0.00257
20/04/2017,712.66,-0.005751
21/04/2017,712.41,-0.000351
24/04/2017,709.39,-0.004248
25/04/2017,707.58,-0.002555
26/04/2017,710.04,0.003471
27/04/2017,716.53,0.009099
28/04/2017,717.73,0.001673
3/05/2017,719.54,0.002519
4/05/2017,722.02,0.003441
5/05/2017,720,-0.002802
8/05/2017,718.86,-0.001585
9/05/2017,722.11,0.004511
10/05/2017,724.31,0.003042
11/05/2017,724.99,0.000938
12/05/2017,725.37,0.000524
15/05/2017,725.35,-2.80E-05
16/05/2017,725.03,-0.000441
17/05/2017,727.2,0.002989
18/05/2017,726.99,-0.000289
19/05/2017,733.82,0.009351
22/05/2017,744.1,0.013912
23/05/2017,740.93,-0.004269
24/05/2017,742.74,0.00244
25/05/2017,741.91,-0.001118
26/05/2017,743.41,0.00202
29/05/2017,746.25,0.003813
30/05/2017,738.21,-0.010832
31/05/2017,737.82,-0.000528
1/06/2017,741.8,0.00538
2/06/2017,738.81,-0.004039
5/06/2017,743.49,0.006315
6/06/2017,751.31,0.010463
7/06/2017,753.46,0.002858
8/06/2017,750.13,-0.004429
9/06/2017,749.72,-0.000547
12/06/2017,751.09,0.001826
13/06/2017,756.89,0.007692
14/06/2017,760.77,0.005113
15/06/2017,760.57,-0.000263
16/06/2017,761.24,0.000881
19/06/2017,766.83,0.007316
20/06/2017,767.99,0.001512
21/06/2017,767.41,-0.000756
22/06/2017,766.3,-0.001447
23/06/2017,769.01,0.00353
26/06/2017,772.52,0.004554
27/06/2017,767.51,-0.006506
28/06/2017,769.04,0.001991
29/06/2017,771.75,0.003518
30/06/2017,776.47,0.006097
3/07/2017,778.88,0.003099
4/07/2017,775.54,-0.004297
5/07/2017,778.32,0.003578
6/07/2017,782.65,0.005548
7/07/2017,775.73,-0.008881
10/07/2017,766.56,-0.011892
11/07/2017,769.36,0.003646
12/07/2017,774.17,0.006232
13/07/2017,778.3,0.005321
14/07/2017,777.6,-9.00E-04
17/07/2017,768.91,-0.011238
18/07/2017,767.49,-0.001848
19/07/2017,771.3,0.004952
20/07/2017,768.41,-0.003754
21/07/2017,761.86,-0.008561
24/07/2017,759.74,-0.002787
25/07/2017,767.27,0.009862
26/07/2017,773.88,0.008578
27/07/2017,771.5,-0.00308
28/07/2017,777.09,0.00722
31/07/2017,783.55,0.008279
1/08/2017,786.81,0.004152
2/08/2017,786.23,-0.000737
3/08/2017,788.49,0.00287
4/08/2017,788.68,0.000241
7/08/2017,792.98,0.005437
8/08/2017,791.57,-0.00178
9/08/2017,773.66,-0.022886
10/08/2017,773.43,-0.000297
11/08/2017,772.08,-0.001747
14/08/2017,776.17,0.005283
15/08/2017,771.06,-0.006605
16/08/2017,773.57,0.00325
17/08/2017,767.59,-0.00776
18/08/2017,768.97,0.001796
21/08/2017,768.79,-0.000234
22/08/2017,761.26,-0.009843
23/08/2017,765.98,0.006181
24/08/2017,769.77,0.004936
25/08/2017,771.63,0.002413
28/08/2017,777.26,0.00727
29/08/2017,774.03,-0.004164
30/08/2017,778.65,0.005951
31/08/2017,782.76,0.005264
1/09/2017,788.73,0.007598
5/09/2017,792.31,0.004529
6/09/2017,793.55,0.001564
7/09/2017,796.72,0.003987
8/09/2017,801.2,0.005607
11/09/2017,797.47,-0.004666
12/09/2017,799.94,0.003093
13/09/2017,802.78,0.003544
14/09/2017,806.32,0.0044
15/09/2017,805.82,-0.00062
18/09/2017,807.87,0.002541
19/09/2017,805.93,-0.002404
20/09/2017,805.86,-8.70E-05
21/09/2017,803.93,-0.002398
22/09/2017,807.13,0.003973
25/09/2017,805.58,-0.001922
26/09/2017,805.35,-0.000286
27/09/2017,803.77,-0.001964
28/09/2017,804.82,0.001305
29/09/2017,804.42,-0.000497
2/10/2017,802.23,-0.002726
3/10/2017,798,-0.005287
4/10/2017,805.66,0.009553
5/10/2017,805.23,-0.000534
6/10/2017,807.8,0.003187
9/10/2017,808.96,0.001435
10/10/2017,810.65,0.002087
11/10/2017,813.95,0.004063
12/10/2017,815.87,0.002356
13/10/2017,820.95,0.006207
16/10/2017,819.43,-0.001853
17/10/2017,828.29,0.010754
18/10/2017,827.72,-0.000688
19/10/2017,828.93,0.001461
20/10/2017,826.84,-0.002525
23/10/2017,820.04,-0.008258
24/10/2017,825.24,0.006321
25/10/2017,830.69,0.006582
26/10/2017,830.11,-0.000698
27/10/2017,840.37,0.012284
30/10/2017,845.2,0.005731
31/10/2017,837.28,-0.009415
1/11/2017,842.71,0.006464
2/11/2017,833.09,-0.011481
3/11/2017,843.73,0.012691
6/11/2017,849.09,0.006333
7/11/2017,850.33,0.001459
8/11/2017,859.7,0.010959
9/11/2017,860.4,0.000814
10/11/2017,868.21,0.009036
13/11/2017,879.34,0.012738
14/11/2017,880.9,0.001772
15/11/2017,882.59,0.001917
16/11/2017,892.8,0.011502
17/11/2017,890.69,-0.002366
20/11/2017,903.55,0.014335
21/11/2017,918.3,0.016193
22/11/2017,932.66,0.015517
23/11/2017,933.7,0.001114
24/11/2017,935.57,0.002001
27/11/2017,938.61,0.003244
28/11/2017,941.21,0.002766
29/11/2017,952.14,0.011546
30/11/2017,949.93,-0.002324
1/12/2017,960.33,0.010889
4/12/2017,970.02,0.01004
5/12/2017,953.3,-0.017387
6/12/2017,947.64,-0.005955
7/12/2017,938.65,-0.009532
8/12/2017,940.16,0.001607
11/12/2017,917.45,-0.024452
12/12/2017,927.25,0.010625
13/12/2017,924.4,-0.003078
14/12/2017,935.85,0.01231
15/12/2017,935.16,-0.000738
18/12/2017,958.06,0.024193
19/12/2017,951.42,-0.006955
20/12/2017,953.51,0.002194
21/12/2017,946.06,-0.007844
22/12/2017,952.32,0.006595
25/12/2017,958.31,0.00627
26/12/2017,965.93,0.00792
27/12/2017,968.46,0.002616
28/12/2017,976.72,0.008493
29/12/2017,984.24,0.00767
2/01/2018,995.77,0.011647
3/01/2018,1005.67,0.009893
4/01/2018,1019.75,0.013904
5/01/2018,1012.65,-0.006987
8/01/2018,1022.9,0.010071
9/01/2018,1033.56,0.010367
10/01/2018,1038.11,0.004393
11/01/2018,1048.17,0.009644
12/01/2018,1050.11,0.001849
15/01/2018,1063.47,0.012642
16/01/2018,1062.96,-0.00048
17/01/2018,1034.69,-0.026956
18/01/2018,1050.25,0.014926
19/01/2018,1062.07,0.011192
22/01/2018,1086.51,0.022751
23/01/2018,1086.51,0
24/01/2018,1086.51,0
25/01/2018,1104.57,0.016485
26/01/2018,1115.64,0.009972
29/01/2018,1109.8,-0.005248
30/01/2018,1110.56,0.000685
31/01/2018,1110.36,-0.00018
1/02/2018,1099.67,-0.009674
2/02/2018,1105.04,0.004871
5/02/2018,1048.71,-0.052321
6/02/2018,1011.6,-0.036028
7/02/2018,1040.55,0.028216
8/02/2018,1023.25,-0.016766
9/02/2018,1003.94,-0.019052
12/02/2018,1041.79,0.037008
13/02/2018,1059.73,0.017074
21/02/2018,1087.15,0.025545
22/02/2018,1076.03,-0.010281
23/02/2018,1102.85,0.024619
26/02/2018,1114.53,0.010535
27/02/2018,1119.61,0.004548
28/02/2018,1124.87,0.004687
1/03/2018,1115.79,-0.008105
2/03/2018,1121.21,0.004846
5/03/2018,1093.48,-0.025043
6/03/2018,1120.29,0.024222
7/03/2018,1112.26,-0.007194
8/03/2018,1124.15,0.010633
9/03/2018,1123.41,-0.000658
12/03/2018,1126.29,0.00256
13/03/2018,1133.31,0.006214
14/03/2018,1138.09,0.004209
15/03/2018,1138.76,0.000589
16/03/2018,1150.19,0.009987
19/03/2018,1159.22,0.00782
20/03/2018,1159.39,0.000147
21/03/2018,1169.36,0.008563
22/03/2018,1172.36,0.002562
23/03/2018,1153.59,-0.01614
26/03/2018,1171.22,0.015167
27/03/2018,1171.73,0.000435
28/03/2018,1172.24,0.000435
29/03/2018,1167.03,-0.004454
30/03/2018,1174.46,0.006346
2/04/2018,1196.61,0.018684
3/04/2018,1188.29,-0.006977
4/04/2018,1191.54,0.002731
5/04/2018,1193.17,0.001367
6/04/2018,1199.96,0.005675
9/04/2018,1204.33,0.003635
10/04/2018,1198.12,-0.00517
11/04/2018,1167.11,-0.026223
12/04/2018,1173.02,0.005051
13/04/2018,1157.14,-0.01363
16/04/2018,1148.49,-0.007503
17/04/2018,1153.28,0.004162
18/04/2018,1138.53,-0.012872
19/04/2018,1094.63,-0.039322
20/04/2018,1119.86,0.022787
23/04/2018,1076.78,-0.039229
24/04/2018,1080.74,0.003671
26/04/2018,1044.86,-0.033763
27/04/2018,1050.26,0.005155
2/05/2018,1029.08,-0.020373
3/05/2018,1026.46,-0.002549
4/05/2018,1026.8,0.000331
7/05/2018,1062.26,0.033952
8/05/2018,1060.45,-0.001705
9/05/2018,1056.97,-0.003287
10/05/2018,1028.87,-0.026945
11/05/2018,1044.85,0.015412
14/05/2018,1066.98,0.020959
15/05/2018,1073.5,0.006092
16/05/2018,1054.62,-0.017744
17/05/2018,1030.64,-0.023001
18/05/2018,1040.54,0.00956
21/05/2018,1014.98,-0.024871
22/05/2018,985.91,-0.029059
23/05/2018,988.94,0.003069
24/05/2018,985.92,-0.003058
25/05/2018,963.9,-0.022588
28/05/2018,931.75,-0.033923
29/05/2018,952.18,0.02169
30/05/2018,948.5,-0.003872
31/05/2018,971.25,0.023702
1/06/2018,992.87,0.022016
4/06/2018,1013.78,0.020841
5/06/2018,1022.74,0.008799
6/06/2018,1034.5,0.011433
7/06/2018,1036.69,0.002115
8/06/2018,1039.01,0.002235
11/06/2018,1039.02,1e-05
12/06/2018,1020.76,-0.017731
13/06/2018,1030.53,0.009526
14/06/2018,1015.72,-0.014476
15/06/2018,1016.51,0.000777
18/06/2018,987.34,-0.029116
19/06/2018,962.16,-0.025834
20/06/2018,980.95,0.019341
21/06/2018,969.4,-0.011844
22/06/2018,983.17,0.014105
25/06/2018,990.52,0.007448
26/06/2018,983.02,-0.007601
27/06/2018,968.91,-0.014458
28/06/2018,957.35,-0.012003
29/06/2018,960.78,0.003576
2/07/2018,947.15,-0.014288
3/07/2018,906.01,-0.044407
4/07/2018,914.99,0.009863
5/07/2018,899.4,-0.017185
6/07/2018,917.51,0.019936
9/07/2018,915.12,-0.002608
10/07/2018,911.12,-0.004381
11/07/2018,893.16,-0.019909
12/07/2018,898.51,0.005972
13/07/2018,909.72,0.012399
16/07/2018,911.11,0.001527
17/07/2018,921.27,0.01109
18/07/2018,942.39,0.022666
19/07/2018,943.97,0.001675
20/07/2018,933.39,-0.011271
23/07/2018,936.74,0.003583
24/07/2018,934.08,-0.002844
25/07/2018,927.58,-0.006983
26/07/2018,930.16,0.002778
27/07/2018,935.52,0.005746
30/07/2018,949.73,0.015075
31/07/2018,956.39,0.006988
1/08/2018,952.77,-0.003792
2/08/2018,953.55,0.000818
3/08/2018,959.6,0.006325
6/08/2018,960.23,0.000656
7/08/2018,956.79,-0.003589
8/08/2018,966.27,0.009859
9/08/2018,963.5,-0.002871
10/08/2018,968.47,0.005145
13/08/2018,978.04,0.009833
14/08/2018,978.27,0.000235
15/08/2018,961.37,-0.017426
16/08/2018,964.28,0.003022
17/08/2018,968.88,0.004759
20/08/2018,969.62,0.000763
21/08/2018,979.21,0.009842
22/08/2018,982.15,0.002998
23/08/2018,987.36,0.005291
24/08/2018,987.05,-0.000314
27/08/2018,991.92,0.004922
28/08/2018,995.19,0.003291
29/08/2018,988.17,-0.007079
30/08/2018,998.07,0.009969
31/08/2018,989.54,-0.008583
4/09/2018,975.94,-0.013839
5/09/2018,968.44,-0.007715
6/09/2018,958.19,-0.01064
7/09/2018,968.9,0.011115
10/09/2018,970.34,0.001485
11/09/2018,985.06,0.015056
12/09/2018,987.01,0.001978
13/09/2018,987.95,0.000952
14/09/2018,991.34,0.003425
17/09/2018,987.61,-0.00377
18/09/2018,993.49,0.005936
19/09/2018,995.54,0.002061
20/09/2018,1004.74,0.009199
21/09/2018,1002.97,-0.001763
24/09/2018,1011.29,0.008261
25/09/2018,1010.74,-0.000544
26/09/2018,1009.61,-0.001119
27/09/2018,1015.37,0.005689
28/09/2018,1017.13,0.001732
1/10/2018,1012.88,-0.004187
2/10/2018,1018.79,0.005818
3/10/2018,1020.4,0.001579
4/10/2018,1023.62,0.003151
5/10/2018,1008.39,-0.01499
8/10/2018,996.12,-0.012243
9/10/2018,996.19,7e-05
10/10/2018,993.96,-0.002241
11/10/2018,945.89,-0.049571
12/10/2018,970.08,0.025252
15/10/2018,951.64,-0.019192
16/10/2018,963.37,0.012251
17/10/2018,971.6,0.008507
18/10/2018,963.47,-0.008403
19/10/2018,958.36,-0.005318
22/10/2018,953.51,-0.005074
23/10/2018,939.68,-0.014611
24/10/2018,922.73,-0.018203
25/10/2018,910.17,-0.013705
26/10/2018,900.82,-0.010326
29/10/2018,888.82,-0.013411
30/10/2018,888.69,-0.000146
31/10/2018,914.76,0.028913
1/11/2018,907.96,-0.007461
2/11/2018,924.86,0.018442
5/11/2018,925.53,0.000724
6/11/2018,922.05,-0.003767
7/11/2018,922.16,0.000119
8/11/2018,926.28,0.004458
9/11/2018,914.29,-0.013029
12/11/2018,918.12,0.00418
13/11/2018,907.99,-0.011095
14/11/2018,900.93,-0.007806
15/11/2018,897.15,-0.004204
16/11/2018,898.19,0.001159
19/11/2018,916.06,0.0197
20/11/2018,919.02,0.003226
21/11/2018,922.56,0.003845
22/11/2018,924.42,0.002014
23/11/2018,917.97,-0.007002
26/11/2018,921.03,0.003328
27/11/2018,923.12,0.002267
28/11/2018,930.2,0.00764
29/11/2018,926.79,-0.003673
30/11/2018,926.54,-0.00027
3/12/2018,951.59,0.026677
4/12/2018,958.84,0.00759
5/12/2018,957.14,-0.001775
6/12/2018,954.82,-0.002427
7/12/2018,958.59,0.003941
10/12/2018,955.89,-0.002821
11/12/2018,954.58,-0.001371
12/12/2018,961.28,0.006994
13/12/2018,960.25,-0.001072
14/12/2018,952.04,-0.008587
17/12/2018,933.65,-0.019505
18/12/2018,927.25,-0.006878
19/12/2018,919.24,-0.008676
20/12/2018,918.24,-0.001088
21/12/2018,912.26,-0.006534
24/12/2018,908.56,-0.004064
25/12/2018,897.94,-0.011758
26/12/2018,891.75,-0.006917
27/12/2018,900.81,0.010109
28/12/2018,892.54,-0.009223
2/01/2019,891.75,-0.000886
3/01/2019,878.22,-0.015289
4/01/2019,880.9,0.003047
7/01/2019,889.64,0.009873
8/01/2019,887.44,-0.002476
9/01/2019,896.99,0.010704
10/01/2019,898.3,0.001459
11/01/2019,902.71,0.004897
14/01/2019,901.8,-0.001009
15/01/2019,909.68,0.0087
16/01/2019,908.7,-0.001078
17/01/2019,901.89,-0.007522
18/01/2019,902.3,0.000454
21/01/2019,911.05,0.009651
22/01/2019,906.55,-0.004952
23/01/2019,908.02,0.00162
24/01/2019,908.79,0.000848
25/01/2019,908.88,9.9e-05
28/01/2019,912.18,0.003624
29/01/2019,915.93,0.004103
30/01/2019,915.84,-9.80E-05
31/01/2019,910.65,-0.005683
1/02/2019,908.67,-0.002177
11/02/2019,926.1,0.019
12/02/2019,937.54,0.012277
13/02/2019,945.25,0.00819
14/02/2019,952.34,0.007473
15/02/2019,950.89,-0.001524
18/02/2019,961.3,0.010888
19/02/2019,964.35,0.003168
20/02/2019,970.58,0.00644
21/02/2019,987.57,0.017354
22/02/2019,988.91,0.001356
25/02/2019,994.43,0.005566
26/02/2019,987.06,-0.007439
27/02/2019,990.27,0.003247
28/02/2019,965.47,-0.025363
1/03/2019,979.63,0.01456
4/03/2019,993.99,0.014552
5/03/2019,992.45,-0.001551
6/03/2019,994.49,0.002053
7/03/2019,994.03,-0.000463
8/03/2019,985.25,-0.008872
11/03/2019,984.6,-0.00066
12/03/2019,1001.32,0.016839
13/03/2019,1005.41,0.004076
14/03/2019,1009.56,0.004119
15/03/2019,1004.12,-0.005403
18/03/2019,1011.86,0.007679
19/03/2019,1006.59,-0.005222
20/03/2019,1002.3,-0.004271
21/03/2019,981.78,-0.020685
22/03/2019,988.71,0.007034
25/03/2019,970.07,-0.019033
26/03/2019,969.79,-0.000289
27/03/2019,975.91,0.006291
28/03/2019,982.98,0.007218
29/03/2019,980.76,-0.002261
1/04/2019,988.53,0.007891
2/04/2019,985.81,-0.002755
3/04/2019,984.46,-0.00137
4/04/2019,986.91,0.002486
5/04/2019,989.26,0.002378
8/04/2019,997.56,0.008355
9/04/2019,988.48,-0.009144
10/04/2019,981.91,-0.006669
11/04/2019,985.95,0.004106
12/04/2019,982.9,-0.003098
16/04/2019,977.17,-0.005847
17/04/2019,972.1,-0.005202
18/04/2019,962.3,-0.010132
19/04/2019,966.21,0.004055
22/04/2019,965.86,-0.000362
23/04/2019,968,0.002213
24/04/2019,976.92,0.009173
25/04/2019,974.13,-0.00286
26/04/2019,979.64,0.00564
2/05/2019,978.5,-0.001164
3/05/2019,974.14,-0.004466
6/05/2019,957.97,-0.016739
7/05/2019,957.56,-0.000428
8/05/2019,951.22,-0.006643
9/05/2019,947.01,-0.004436
10/05/2019,952.55,0.005833
13/05/2019,958.54,0.006269
14/05/2019,965.34,0.007069
15/05/2019,975.64,0.010613
16/05/2019,975.69,5.1e-05
17/05/2019,976.48,0.000809
20/05/2019,987.13,0.010847
21/05/2019,986.29,-0.000851
22/05/2019,983.78,-0.002548
23/05/2019,982.71,-0.001088
24/05/2019,970.03,-0.012987
27/05/2019,975.14,0.005254
28/05/2019,972,-0.003225
29/05/2019,971.54,-0.000473
30/05/2019,969.34,-0.002267
31/05/2019,959.88,-0.009807
3/06/2019,946.47,-0.014069
4/06/2019,951.16,0.004943
5/06/2019,951.41,0.000263
6/06/2019,948.21,-0.003369
7/06/2019,958.28,0.010564
10/06/2019,962.9,0.00481
11/06/2019,962.07,-0.000862
12/06/2019,954.17,-0.008245
13/06/2019,950.08,-0.004296
14/06/2019,953.61,0.003709
17/06/2019,946.95,-0.007008
18/06/2019,944.01,-0.00311
19/06/2019,949.69,0.005999
20/06/2019,959.18,0.009943
21/06/2019,959.2,2.1e-05
24/06/2019,962.85,0.003798
25/06/2019,960.13,-0.002829
26/06/2019,959.13,-0.001042
27/06/2019,943.11,-0.016844
28/06/2019,949.94,0.007216
1/07/2019,965.61,0.016361
2/07/2019,961.98,-0.003766
3/07/2019,960.39,-0.001654
4/07/2019,973.04,0.013086
5/07/2019,975.34,0.002361
8/07/2019,966.35,-0.00926
9/07/2019,969.05,0.00279
10/07/2019,973.65,0.004736
11/07/2019,978.63,0.005102
12/07/2019,975.4,-0.003306
15/07/2019,972.53,-0.002947
16/07/2019,982.11,0.009802
17/07/2019,982.57,0.000468
18/07/2019,976.05,-0.006658
19/07/2019,982.34,0.006424
22/07/2019,982.04,-0.000305
23/07/2019,989.46,0.007527
24/07/2019,988.41,-0.001062
25/07/2019,994.95,0.006595
26/07/2019,993.35,-0.001609
29/07/2019,997.94,0.00461
30/07/2019,986.02,-0.012017
31/07/2019,991.66,0.005704
1/08/2019,997.39,0.005762
2/08/2019,991.1,-0.006326
5/08/2019,973.15,-0.018277
6/08/2019,964.61,-0.008814
7/08/2019,965.93,0.001367
8/08/2019,975.24,0.009592
9/08/2019,974.34,-0.000923
12/08/2019,975.31,0.000995
13/08/2019,966.83,-0.008733
14/08/2019,968.91,0.002149
15/08/2019,979.38,0.010748
16/08/2019,980,0.000633
19/08/2019,981.03,0.00105
20/08/2019,984.67,0.003704
21/08/2019,994.38,0.009813
22/08/2019,997.26,0.002892
23/08/2019,992.45,-0.004835
26/08/2019,982.88,-0.00969
27/08/2019,976.79,-0.006215
28/08/2019,977.26,0.000481
29/08/2019,978.59,0.00136
30/08/2019,984.06,0.005574
3/09/2019,979.36,-0.004788
4/09/2019,977.63,-0.001768
5/09/2019,976.79,-0.00086
6/09/2019,974.08,-0.002778
9/09/2019,974.12,4.1e-05
10/09/2019,970.26,-0.00397
11/09/2019,969.31,-0.00098
12/09/2019,976.07,0.00695
13/09/2019,987.22,0.011359
16/09/2019,989.86,0.002671
17/09/2019,996.74,0.006926
18/09/2019,995.15,-0.001596
19/09/2019,997.1,0.001958
20/09/2019,990.36,-0.006783
23/09/2019,987.54,-0.002852
24/09/2019,988.13,0.000597
25/09/2019,987.3,-0.00084
26/09/2019,990.75,0.003488
27/09/2019,997.84,0.007131
30/09/2019,996.56,-0.001284
1/10/2019,999.59,0.003036
2/10/2019,991.19,-0.008439
3/10/2019,992.45,0.00127
4/10/2019,987.59,-0.004909
7/10/2019,983.09,-0.004567
8/10/2019,988.22,0.005205
9/10/2019,987.83,-0.000395
10/10/2019,987.38,-0.000456
11/10/2019,991.84,0.004507
14/10/2019,993.57,0.001743
15/10/2019,993.05,-0.000524
16/10/2019,994.46,0.001419
17/10/2019,989.82,-0.004677
18/10/2019,989.2,-0.000627
21/10/2019,983.56,-0.005718
22/10/2019,987.19,0.003684
23/10/2019,987.79,0.000608
24/10/2019,993.6,0.005865
25/10/2019,996.57,0.002985
28/10/2019,996.48,-9.00E-05
29/10/2019,995.87,-0.000612
30/10/2019,1000.89,0.005028
31/10/2019,998.82,-0.00207
1/11/2019,1015.59,0.01665
4/11/2019,1022.43,0.006712
5/11/2019,1024.34,0.001866
6/11/2019,1024.91,0.000556
7/11/2019,1024.03,-0.000859
8/11/2019,1022.49,-0.001505
11/11/2019,1016.75,-0.00563
12/11/2019,1018.33,0.001553
13/11/2019,1012.77,-0.005475
14/11/2019,1012.3,-0.000464
15/11/2019,1010.03,-0.002245
18/11/2019,1002.91,-0.007074
19/11/2019,1008.35,0.00541
20/11/2019,1000.56,-0.007755
21/11/2019,987.89,-0.012744
22/11/2019,977.78,-0.010287
25/11/2019,976.35,-0.001464
26/11/2019,976.79,0.000451
27/11/2019,978.17,0.001412
28/11/2019,970.39,-0.007985
29/11/2019,970.75,0.000371
2/12/2019,959.31,-0.011855
3/12/2019,953.43,-0.006148
4/12/2019,965.9,0.012994
5/12/2019,963.27,-0.002727
6/12/2019,963.56,0.000301
9/12/2019,966.06,0.002591
10/12/2019,960.3,-0.00598
11/12/2019,961.78,0.00154
12/12/2019,968.17,0.006622
13/12/2019,966.18,-0.002058
16/12/2019,961.47,-0.004887
17/12/2019,954.03,-0.007768
18/12/2019,951.13,-0.003044
19/12/2019,952.26,0.001187
20/12/2019,956.41,0.004349
23/12/2019,959.43,0.003153
24/12/2019,958.88,-0.000573
25/12/2019,960.92,0.002125
26/12/2019,958.59,-0.002428
27/12/2019,963.51,0.005119
30/12/2019,965.03,0.001576
31/12/2019,960.99,-0.004195
2/01/2020,966.67,0.005893
3/01/2020,965.14,-0.001584
6/01/2020,955.79,-0.009735
7/01/2020,958.88,0.003228
8/01/2020,948.98,-0.010378
9/01/2020,960.15,0.011702
10/01/2020,968.54,0.0087
13/01/2020,965.84,-0.002792
14/01/2020,967,0.0012
15/01/2020,967.56,0.000579
16/01/2020,974.31,0.006952
17/01/2020,978.96,0.004761
20/01/2020,978.63,-0.000337
21/01/2020,986.37,0.007878
22/01/2020,991.46,0.005147
30/01/2020,959.58,-0.032683
31/01/2020,936.62,-0.024218
3/02/2020,928.14,-0.009095
4/02/2020,929.09,0.001023
5/02/2020,925.91,-0.003429
6/02/2020,938.54,0.013548
7/02/2020,940.75,0.002352
10/02/2020,930.73,-0.010708
11/02/2020,934.67,0.004224
12/02/2020,937.68,0.003215
13/02/2020,938.24,0.000597
14/02/2020,937.45,-0.000842
17/02/2020,934.77,-0.002863
18/02/2020,927.93,-0.007344
19/02/2020,928.76,0.000894
20/02/2020,938.13,0.010038
21/02/2020,933.09,-0.005387
24/02/2020,903.34,-0.032403
25/02/2020,909.67,0.006983
26/02/2020,895.97,-0.015175
27/02/2020,898.44,0.002753
28/02/2020,882.19,-0.018252
2/03/2020,884.43,0.002536
3/03/2020,890.61,0.006963
4/03/2020,889.37,-0.001393
5/03/2020,893.31,0.00442
6/03/2020,891.44,-0.002096
9/03/2020,835.49,-0.06482
10/03/2020,837.5,0.002403
11/03/2020,811.35,-0.031722
12/03/2020,769.25,-0.053284
13/03/2020,761.78,-0.009758
16/03/2020,747.86,-0.018442
17/03/2020,745.78,-0.002785
18/03/2020,747.66,0.002518
19/03/2020,725.94,-0.029481
20/03/2020,709.73,-0.022583
23/03/2020,666.59,-0.062709
24/03/2020,659.21,-0.011133
25/03/2020,690.25,0.046012
26/03/2020,694.21,0.005721
27/03/2020,696.06,0.002661
30/03/2020,662.26,-0.049778
31/03/2020,662.53,0.000408
1/04/2020,680.23,0.026365
3/04/2020,701.8,0.031217
6/04/2020,736.75,0.0486
7/04/2020,746.69,0.013401
8/04/2020,748.02,0.00178
9/04/2020,760.33,0.016323
10/04/2020,757.94,-0.003148
13/04/2020,765.79,0.010304
14/04/2020,767.41,0.002113
15/04/2020,777.22,0.012702
16/04/2020,780.7,0.004468
17/04/2020,789.6,0.011336
20/04/2020,794.97,0.006778
21/04/2020,766.84,-0.036026
22/04/2020,768.92,0.002709
23/04/2020,773.91,0.006469
24/04/2020,776.66,0.003547
27/04/2020,770.77,-0.007613
28/04/2020,767.21,-0.004629
29/04/2020,769.11,0.002473
4/05/2020,762.47,-0.008671
5/05/2020,764.16,0.002214
6/05/2020,782.59,0.023832
7/05/2020,796.54,0.017668
8/05/2020,813.73,0.021351
11/05/2020,828.33,0.017783
12/05/2020,835.32,0.008403
13/05/2020,834.21,-0.00133
14/05/2020,832.4,-0.002172
15/05/2020,827.03,-0.006472
18/05/2020,837.01,0.011995
19/05/2020,845.92,0.010589
20/05/2020,852.91,0.008229
21/05/2020,862.73,0.011448
22/05/2020,852.74,-0.011647
25/05/2020,859.04,0.007361
26/05/2020,869.13,0.011677
27/05/2020,857.48,-0.013495
28/05/2020,861.39,0.00455
29/05/2020,864.47,0.003569
1/06/2020,878.67,0.016293
2/06/2020,874.8,-0.004414
3/06/2020,881.17,0.007255
4/06/2020,883.9,0.003093
5/06/2020,886.22,0.002621
8/06/2020,899.92,0.015341
9/06/2020,899.43,-0.000545
10/06/2020,900,0.000634
11/06/2020,867.37,-0.036929
12/06/2020,863.52,-0.004449
15/06/2020,832.47,-0.03662
16/06/2020,856.13,0.028025
17/06/2020,854.44,-0.001976
18/06/2020,855.27,0.000971
19/06/2020,868.56,0.015419
22/06/2020,871.28,0.003127
23/06/2020,868.2,-0.003541
24/06/2020,859.71,-0.009827
25/06/2020,854.59,-0.005973
26/06/2020,851.98,-0.003059
29/06/2020,829.36,-0.026909
30/06/2020,825.11,-0.005138
1/07/2020,843.49,0.022031
2/07/2020,842.38,-0.001317
3/07/2020,847.61,0.006189
6/07/2020,861.16,0.01586
7/07/2020,863.42,0.002621
8/07/2020,864.5,0.00125
9/07/2020,876.46,0.01374
10/07/2020,871.21,-0.006008
13/07/2020,868.72,-0.002862
14/07/2020,868.11,-0.000702
15/07/2020,869.91,0.002071
16/07/2020,876.83,0.007923
17/07/2020,872.02,-0.005501
20/07/2020,861.4,-0.012253
21/07/2020,861.69,0.000337
22/07/2020,855.08,-0.007701
23/07/2020,856.75,0.001951
24/07/2020,829.16,-0.032733
27/07/2020,785.17,-0.054513
28/07/2020,813.36,0.035274
29/07/2020,790.84,-0.028078
30/07/2020,801.13,0.012928
31/07/2020,798.39,-0.003426
3/08/2020,814.65,0.020161
4/08/2020,827.57,0.015735
5/08/2020,837.8,0.012286
6/08/2020,840.04,0.00267
7/08/2020,841.46,0.001689
10/08/2020,843.2,0.002066
11/08/2020,843.08,-0.000142
12/08/2020,846.92,0.004544
13/08/2020,855.05,0.009554
14/08/2020,850.74,-0.005053
17/08/2020,850.15,-0.000694
18/08/2020,846.43,-0.004385
19/08/2020,851.21,0.005631
20/08/2020,848.21,-0.003531
21/08/2020,854.78,0.007716
24/08/2020,868.68,0.016131
25/08/2020,874.12,0.006243
26/08/2020,873.47,-0.000744
27/08/2020,874.71,0.001419
28/08/2020,878.98,0.00487
31/08/2020,881.65,0.003033
1/09/2020,891.73,0.011368
3/09/2020,903.97,0.013633
4/09/2020,901.54,-0.002692
7/09/2020,888.25,-0.014851
8/09/2020,890.14,0.002126
9/09/2020,889.32,-0.000922
10/09/2020,888.82,-0.000562
11/09/2020,888.97,0.000169
14/09/2020,894.57,0.00628
15/09/2020,896.26,0.001887
16/09/2020,897.47,0.001349
17/09/2020,894.04,-0.003829
18/09/2020,900.95,0.007699
21/09/2020,907.94,0.007729
22/09/2020,906.19,-0.001929
23/09/2020,912.5,0.006939
24/09/2020,908.58,-0.004305
25/09/2020,908.27,-0.000341
28/09/2020,912.5,0.004646
29/09/2020,903.98,-0.009381
30/09/2020,905.21,0.00136
1/10/2020,914.09,0.009762
2/10/2020,909.91,-0.004583
5/10/2020,914.68,0.005229
6/10/2020,915.67,0.001082
7/10/2020,919.72,0.004413
8/10/2020,918.84,-0.000957
9/10/2020,924,0.0056
12/10/2020,925.83,0.001979
13/10/2020,929.86,0.004343
14/10/2020,940.18,0.011037
15/10/2020,942.76,0.00274
16/10/2020,943.3,0.000573
19/10/2020,943.69,0.000413
20/10/2020,944.42,0.000773
21/10/2020,939.03,-0.005724
22/10/2020,949.9,0.011509
23/10/2020,961.26,0.011888
26/10/2020,950.8,-0.010941
27/10/2020,946.47,-0.004564
28/10/2020,921.05,-0.027225
29/10/2020,919.08,-0.002141
30/10/2020,925.47,0.006929
2/11/2020,933.68,0.008832
3/11/2020,935.41,0.001851
4/11/2020,939.76,0.00464
5/11/2020,937.75,-0.002141
6/11/2020,938.29,0.000576
9/11/2020,951.99,0.014495
10/11/2020,951.9,-9.50E-05
11/11/2020,952.22,0.000336
12/11/2020,959.28,0.007387
13/11/2020,966.29,0.007281
16/11/2020,950.79,-0.016171
17/11/2020,968.9,0.018868
18/11/2020,973.53,0.004767
19/11/2020,983.26,0.009945
20/11/2020,990,0.006831
23/11/2020,994.19,0.004223
24/11/2020,995.76,0.001578
25/11/2020,999.94,0.004189
26/11/2020,1005.97,0.006012
27/11/2020,1010.22,0.004216
30/11/2020,1003.08,-0.007093
1/12/2020,1008.87,0.005756
2/12/2020,1014.32,0.005388
3/12/2020,1019.8,0.005388
4/12/2020,1021.49,0.001656
7/12/2020,1029.98,0.008277
8/12/2020,1029.26,-0.000699
9/12/2020,1039.13,0.009544
10/12/2020,1030.91,-0.007942
11/12/2020,1045.96,0.014493
14/12/2020,1064.09,0.017185
15/12/2020,1055.27,-0.008323
16/12/2020,1066.99,0.011045
17/12/2020,1051.77,-0.014367
18/12/2020,1067.46,0.014808
21/12/2020,1081.08,0.012679
22/12/2020,1083.45,0.00219
23/12/2020,1078.9,-0.004208
24/12/2020,1067.52,-0.010604
25/12/2020,1084.42,0.015707
28/12/2020,1091.33,0.006352
29/12/2020,1099.49,0.007449
30/12/2020,1097.54,-0.001775
31/12/2020,1103.87,0.005751
4/01/2021,1120.47,0.014926
5/01/2021,1132.55,0.010723
6/01/2021,1143.21,0.009368
7/01/2021,1156.49,0.011549
8/01/2021,1167.69,0.009638
11/01/2021,1184.89,0.014623
12/01/2021,1192.28,0.006217
13/01/2021,1186.05,-0.005239
14/01/2021,1187.4,0.001138
15/01/2021,1194.2,0.00571
18/01/2021,1191.94,-0.001894
19/01/2021,1131,-0.05248
20/01/2021,1134.68,0.003248
21/01/2021,1164.21,0.025692
22/01/2021,1166.78,0.002205
25/01/2021,1166.05,-0.000626
26/01/2021,1136.12,-0.026003
27/01/2021,1097.17,-0.034885
28/01/2021,1023.94,-0.069076
29/01/2021,1056.61,0.031408
1/02/2021,1035.51,-0.020172
2/02/2021,1075.53,0.03792
3/02/2021,1111.29,0.032708
4/02/2021,1112.19,0.00081
5/02/2021,1126.91,0.013148
8/02/2021,1083.18,-0.039578
9/02/2021,1114.93,0.02889
17/02/2021,1155.78,0.035984
18/02/2021,1174.38,0.015965
19/02/2021,1173.5,-0.00075
22/02/2021,1175.04,0.001311
23/02/2021,1177.64,0.00221
24/02/2021,1162.01,-0.013361
25/02/2021,1165.43,0.002939
26/02/2021,1168.47,0.002605
1/03/2021,1186.17,0.015034
2/03/2021,1186.61,0.000371
3/03/2021,1186.95,0.000286
4/03/2021,1168.52,-0.015649
5/03/2021,1168.69,0.000145
8/03/2021,1168.27,-0.000359
9/03/2021,1161.97,-0.005407
10/03/2021,1170.08,0.006955
11/03/2021,1181.73,0.009907
12/03/2021,1181.56,-0.000144
15/03/2021,1184.56,0.002536
16/03/2021,1179.9,-0.003942
17/03/2021,1186.09,0.005232
18/03/2021,1200.94,0.012442
19/03/2021,1194.05,-0.005754
22/03/2021,1194.43,0.000318
23/03/2021,1183.45,-0.009235
24/03/2021,1161.81,-0.018455
25/03/2021,1163.1,0.00111
26/03/2021,1162.21,-0.000765
29/03/2021,1175.68,0.011523
30/03/2021,1186.36,0.009043
31/03/2021,1191.44,0.004273
1/04/2021,1216.1,0.020486
2/04/2021,1224.45,0.006843
5/04/2021,1236.05,0.009429
6/04/2021,1239.96,0.003158
7/04/2021,1242.38,0.00195
8/04/2021,1234.89,-0.006047
9/04/2021,1231.66,-0.002619
12/04/2021,1252.45,0.016739
13/04/2021,1248.33,-0.003295
14/04/2021,1255.87,0.006022
15/04/2021,1247.25,-0.006887
16/04/2021,1238.71,-0.006871
19/04/2021,1260.58,0.017501
20/04/2021,1268.28,0.00609
22/04/2021,1227.82,-0.032421
23/04/2021,1248.53,0.016727
26/04/2021,1215.77,-0.026589
27/04/2021,1219.75,0.003268
28/04/2021,1229.55,0.008002
29/04/2021,1239.39,0.007971
4/05/2021,1242.2,0.002265
5/05/2021,1256.43,0.01139
6/05/2021,1250.57,-0.004675
7/05/2021,1241.81,-0.007029
10/05/2021,1259.58,0.014208
11/05/2021,1256.04,-0.002814
12/05/2021,1269.09,0.010336
13/05/2021,1261.99,-0.00561
14/05/2021,1266.36,0.003457
17/05/2021,1258.7,-0.006067
18/05/2021,1252.68,-0.004794
19/05/2021,1262.49,0.007801
20/05/2021,1278.22,0.012383
21/05/2021,1283.93,0.004457
24/05/2021,1297.98,0.010884
25/05/2021,1308.58,0.008133
26/05/2021,1316.7,0.006186
27/05/2021,1303.57,-0.010022
28/05/2021,1320.46,0.012874
31/05/2021,1328.05,0.005732
1/06/2021,1337.78,0.0073
2/06/2021,1340.78,0.00224
3/06/2021,1364.28,0.017375
4/06/2021,1374.05,0.007136
7/06/2021,1358.78,-0.011175
8/06/2021,1319.88,-0.029046
9/06/2021,1332.9,0.009816
10/06/2021,1323.58,-0.007017
11/06/2021,1351.74,0.021052
14/06/2021,1361.72,0.007356
15/06/2021,1367.36,0.004133
16/06/2021,1356.52,-0.007959
17/06/2021,1359.92,0.002503
18/06/2021,1377.77,0.01304
21/06/2021,1372.63,-0.003738
22/06/2021,1379.97,0.005333
23/06/2021,1376.87,-0.002249
24/06/2021,1379.72,0.002068
25/06/2021,1390.12,0.007509
28/06/2021,1405.81,0.011224
29/06/2021,1410.04,0.003004
30/06/2021,1408.55,-0.001057
1/07/2021,1417.08,0.006038
2/07/2021,1420.27,0.002249
5/07/2021,1411.13,-0.006456
6/07/2021,1354.79,-0.040744
7/07/2021,1388.55,0.024614
8/07/2021,1374.68,-0.010039
9/07/2021,1347.14,-0.020237
12/07/2021,1296.3,-0.03847
13/07/2021,1297.54,0.000956
14/07/2021,1279.91,-0.01368
15/07/2021,1293.92,0.010887
16/07/2021,1299.31,0.004157
19/07/2021,1243.51,-0.043895
20/07/2021,1273.29,0.023666
21/07/2021,1270.79,-0.001965
22/07/2021,1293.67,0.017844
23/07/2021,1268.83,-0.019388
26/07/2021,1272.71,0.003053
27/07/2021,1276.93,0.00331
28/07/2021,1277.07,0.00011
29/07/2021,1293.6,0.012861
30/07/2021,1310.05,0.012636
2/08/2021,1314.22,0.003178
3/08/2021,1332.44,0.013769
4/08/2021,1334.74,0.001725
5/08/2021,1345.55,0.008066
6/08/2021,1341.45,-0.003052
9/08/2021,1359.86,0.013631
10/08/2021,1362.43,0.001888
11/08/2021,1357.79,-0.003411
12/08/2021,1353.05,-0.003497
13/08/2021,1357.05,0.002952
16/08/2021,1370.96,0.010198
17/08/2021,1363.09,-0.005757
18/08/2021,1360.94,-0.001579
19/08/2021,1374.85,0.010169
20/08/2021,1329.43,-0.033594
23/08/2021,1298.86,-0.023263
24/08/2021,1298.74,-9.20E-05
25/08/2021,1309.55,0.008289
26/08/2021,1301.12,-0.006458
27/08/2021,1313.2,0.009241
30/08/2021,1328.14,0.011313
31/08/2021,1331.47,0.002504
1/09/2021,1334.65,0.002385
6/09/2021,1346.39,0.008758
7/09/2021,1341.9,-0.00334
8/09/2021,1333.61,-0.006197
9/09/2021,1343.98,0.007746
10/09/2021,1345.31,0.000989
13/09/2021,1341.43,-0.002888
14/09/2021,1339.7,-0.001291
15/09/2021,1345.83,0.004565
16/09/2021,1345.87,3e-05
17/09/2021,1352.64,0.005018
20/09/2021,1350.48,-0.001598
21/09/2021,1339.84,-0.00791
22/09/2021,1350.68,0.008058
23/09/2021,1352.76,0.001539
24/09/2021,1351.17,-0.001176
27/09/2021,1324.99,-0.019566
28/09/2021,1339.31,0.01075
29/09/2021,1339.21,-7.50E-05
30/09/2021,1342.06,0.002126
1/10/2021,1334.89,-0.005357
4/10/2021,1339.54,0.003477
5/10/2021,1354.63,0.011202
6/10/2021,1362.82,0.006028
7/10/2021,1365.99,0.002323
8/10/2021,1372.73,0.004922
11/10/2021,1394.09,0.01544
12/10/2021,1394.8,0.000509
13/10/2021,1391.91,-0.002074
14/10/2021,1391.85,-4.30E-05
15/10/2021,1392.7,0.000611
18/10/2021,1395.53,0.00203
19/10/2021,1395.33,-0.000143
20/10/2021,1393.8,-0.001097
21/10/2021,1384.77,-0.0065
22/10/2021,1389.24,0.003223
25/10/2021,1385.4,-0.002768
26/10/2021,1391.63,0.004487
27/10/2021,1423.02,0.022306
28/10/2021,1438.01,0.010479
29/10/2021,1444.27,0.004344
1/11/2021,1438.97,-0.003676
2/11/2021,1452.46,0.009331
3/11/2021,1444.3,-0.005634
4/11/2021,1448.34,0.002793
5/11/2021,1456.51,0.005625
8/11/2021,1467.57,0.007565
9/11/2021,1461.5,-0.004145
10/11/2021,1465.02,0.002406
11/11/2021,1462.35,-0.001824
12/11/2021,1473.37,0.007508
15/11/2021,1476.57,0.00217
16/11/2021,1466.45,-0.006877
17/11/2021,1475.85,0.00639
18/11/2021,1469.83,-0.004087
19/11/2021,1452.35,-0.011964
22/11/2021,1447.25,-0.003518
23/11/2021,1463.63,0.011254
24/11/2021,1488.87,0.017098
25/11/2021,1500.81,0.007988
26/11/2021,1493.03,-0.005197
29/11/2021,1484.84,-0.005501
30/11/2021,1478.44,-0.00432
1/12/2021,1485.19,0.004555
2/12/2021,1482.05,-0.002116
3/12/2021,1443.32,-0.02648
6/12/2021,1413.58,-0.020821
7/12/2021,1446.77,0.023208
8/12/2021,1452.87,0.004207
9/12/2021,1467.98,0.010346
10/12/2021,1463.54,-0.003029
13/12/2021,1476.21,0.00862
14/12/2021,1476.02,-0.000129
15/12/2021,1475.5,-0.000352
16/12/2021,1476.61,0.000752
17/12/2021,1479.79,0.002151
20/12/2021,1477.33,-0.001664
21/12/2021,1478.74,0.000954
22/12/2021,1477.67,-0.000724
23/12/2021,1456.96,-0.014114
24/12/2021,1477.03,0.013681
27/12/2021,1488.88,0.007991
28/12/2021,1494.39,0.003694
29/12/2021,1485.82,-0.005751
30/12/2021,1485.97,0.000101
31/12/2021,1498.28,0.00825
4/01/2022,1525.58,0.018057
5/01/2022,1522.5,-0.002021
6/01/2022,1528.57,0.003979
7/01/2022,1528.48,-5.90E-05
10/01/2022,1503.71,-0.016338
11/01/2022,1492.31,-0.00761
12/01/2022,1510.51,0.012122
13/01/2022,1496.05,-0.009619
14/01/2022,1496.02,-2.00E-05
17/01/2022,1452.84,-0.029288
18/01/2022,1438.94,-0.009614
19/01/2022,1442.79,0.002672
20/01/2022,1465.3,0.015481
21/01/2022,1472.89,0.005166
24/01/2022,1439.71,-0.022785
25/01/2022,1479.58,0.027317
26/01/2022,1481.58,0.001351
27/01/2022,1470.76,-0.00733
28/01/2022,1478.96,0.00556
7/02/2022,1497.66,0.012565
8/02/2022,1500.99,0.002221
9/02/2022,1505.38,0.00292
10/02/2022,1506.79,0.000936
11/02/2022,1501.71,-0.003377
14/02/2022,1471.96,-0.02001
15/02/2022,1492.75,0.014025
16/02/2022,1492.1,-0.000436
17/02/2022,1507.99,0.010593
18/02/2022,1504.84,-0.002091
21/02/2022,1510.84,0.003979
22/02/2022,1503.47,-0.00489
23/02/2022,1512.3,0.005856
24/02/2022,1494.85,-0.011606
25/02/2022,1498.89,0.002699
28/02/2022,1490.13,-0.005861
1/03/2022,1498.78,0.005788
2/03/2022,1485.52,-0.008887
3/03/2022,1505,0.013028
4/03/2022,1505.33,0.000219
7/03/2022,1499.05,-0.004181
8/03/2022,1473.71,-0.017049
9/03/2022,1473.74,2e-05
10/03/2022,1479.08,0.003617
11/03/2022,1466.54,-0.008514
14/03/2022,1446.25,-0.013932
15/03/2022,1452.74,0.004477
16/03/2022,1459.33,0.004526
17/03/2022,1461.34,0.001376
18/03/2022,1469.1,0.005296
21/03/2022,1494.95,0.017443
22/03/2022,1503.78,0.005889
23/03/2022,1502.34,-0.000958
24/03/2022,1498.26,-0.002719
25/03/2022,1498.5,0.00016
28/03/2022,1483.18,-0.010276
29/03/2022,1497.76,0.009782
30/03/2022,1490.51,-0.004852
31/03/2022,1492.15,0.0011
1/04/2022,1516.44,0.016147
4/04/2022,1524.7,0.005432
5/04/2022,1520.03,-0.003068
6/04/2022,1522.9,0.001886
7/04/2022,1502.35,-0.013586
8/04/2022,1482,-0.013638
12/04/2022,1455.25,-0.018215
13/04/2022,1477.2,0.014971
14/04/2022,1472.12,-0.003445
15/04/2022,1458.56,-0.009254
18/04/2022,1432.6,-0.017959
19/04/2022,1406.45,-0.018422
20/04/2022,1384.72,-0.015571
21/04/2022,1370.21,-0.010534
22/04/2022,1379.23,0.006561
25/04/2022,1310.92,-0.050796
26/04/2022,1341.34,0.02294
27/04/2022,1353.77,0.009224
28/04/2022,1350.99,-0.002056
29/04/2022,1366.8,0.011635
4/05/2022,1348.68,-0.013346
5/05/2022,1360.68,0.008858
6/05/2022,1329.26,-0.023362
9/05/2022,1269.62,-0.045905
10/05/2022,1293.56,0.01868
11/05/2022,1301.53,0.006142
12/05/2022,1238.84,-0.049365
13/05/2022,1182.77,-0.046316
16/05/2022,1171.95,-0.00919
17/05/2022,1228.37,0.047019
18/05/2022,1240.76,0.010036
19/05/2022,1241.64,0.000709
20/05/2022,1240.71,-0.000749
23/05/2022,1218.81,-0.017809
24/05/2022,1233.38,0.011883
25/05/2022,1268.43,0.028022
26/05/2022,1268.57,0.00011
27/05/2022,1285.45,0.013219
30/05/2022,1293.92,0.006568
31/05/2022,1292.68,-0.000959
1/06/2022,1299.52,0.005277
2/06/2022,1288.62,-0.008423
3/06/2022,1287.98,-0.000497
6/06/2022,1290.01,0.001575
7/06/2022,1291.35,0.001038
8/06/2022,1307.91,0.012742
9/06/2022,1307.8,-8.40E-05
10/06/2022,1284.08,-0.018304
13/06/2022,1227.04,-0.045438
14/06/2022,1230.31,0.002661
15/06/2022,1213.93,-0.013403
16/06/2022,1236.63,0.018527
17/06/2022,1217.3,-0.015755
20/06/2022,1180.4,-0.030782
21/06/2022,1172.47,-0.006741
22/06/2022,1169.27,-0.002733
23/06/2022,1188.88,0.016632
24/06/2022,1185.48,-0.002864
27/06/2022,1202.82,0.014521
28/06/2022,1218.1,0.012623
29/06/2022,1218.09,-8.00E-06
30/06/2022,1197.6,-0.016965
1/07/2022,1198.9,0.001085
4/07/2022,1195.53,-0.002815
5/07/2022,1181.29,-0.011983
6/07/2022,1149.61,-0.027184
7/07/2022,1166.48,0.014568
8/07/2022,1171.31,0.004132
11/07/2022,1155.29,-0.013771
12/07/2022,1174.82,0.016764
13/07/2022,1173.92,-0.000766
14/07/2022,1182.17,0.007003
15/07/2022,1179.25,-0.002473
18/07/2022,1176.49,-0.002343
19/07/2022,1178.33,0.001563
20/07/2022,1194.14,0.013328
21/07/2022,1198.47,0.003619
22/07/2022,1194.76,-0.0031
25/07/2022,1188.5,-0.005253
26/07/2022,1185.07,-0.00289
27/07/2022,1191.04,0.005025
28/07/2022,1208.12,0.014239
29/07/2022,1206.33,-0.001483
1/08/2022,1231.35,0.020528
2/08/2022,1241.62,0.008306
3/08/2022,1249.76,0.006535
4/08/2022,1254.15,0.003507
5/08/2022,1252.74,-0.001125
8/08/2022,1256.75,0.003196
9/08/2022,1258.85,0.00167
10/08/2022,1256.5,-0.001869
11/08/2022,1252.07,-0.003532
12/08/2022,1262.33,0.008161
15/08/2022,1274.2,0.009359
16/08/2022,1274.69,0.000384
17/08/2022,1275.28,0.000463
18/08/2022,1273.66,-0.001271
19/08/2022,1269.18,-0.003524
22/08/2022,1260.43,-0.006918
23/08/2022,1270.81,0.008202
24/08/2022,1277.16,0.004984
25/08/2022,1288.88,0.009135
26/08/2022,1282.57,-0.004908
29/08/2022,1270.8,-0.009219
30/08/2022,1279.39,0.006737
31/08/2022,1280.51,0.000875
5/09/2022,1277.35,-0.002471
6/09/2022,1277.4,3.9e-05
7/09/2022,1243.17,-0.027162
8/09/2022,1234.6,-0.006918
9/09/2022,1248.78,0.01142
12/09/2022,1249.62,0.000672
13/09/2022,1248.4,-0.000977
14/09/2022,1240.77,-0.006131
15/09/2022,1245.66,0.003933
16/09/2022,1234.03,-0.00938
19/09/2022,1205.43,-0.023449
20/09/2022,1218.93,0.011137
21/09/2022,1210.55,-0.006899
22/09/2022,1214.7,0.003422
23/09/2022,1203.28,-0.009446
26/09/2022,1174.35,-0.024336
27/09/2022,1166.54,-0.006673
28/09/2022,1143.62,-0.019843
29/09/2022,1126.07,-0.015465
30/09/2022,1132.11,0.005349
3/10/2022,1086.44,-0.041177
4/10/2022,1078.14,-0.007669
5/10/2022,1104.26,0.023938
6/10/2022,1074.52,-0.027301
7/10/2022,1035.91,-0.036594
10/10/2022,1042.48,0.006322
11/10/2022,1006.2,-0.035422
12/10/2022,1034.81,0.028037
13/10/2022,1050.99,0.015515
14/10/2022,1061.85,0.01028
17/10/2022,1051.58,-0.009719
18/10/2022,1063.66,0.011422
19/10/2022,1060.07,-0.003381
20/10/2022,1058.45,-0.001529
21/10/2022,1019.82,-0.037179
24/10/2022,986.15,-0.033573
25/10/2022,997.7,0.011644
26/10/2022,993.36,-0.004359
27/10/2022,1028.01,0.034287
28/10/2022,1027.36,-0.000632
31/10/2022,1027.94,0.000564
1/11/2022,1033.75,0.005636
2/11/2022,1023.19,-0.010268
3/11/2022,1019.81,-0.003309
4/11/2022,997.15,-0.02247
7/11/2022,975.19,-0.022269
8/11/2022,981.65,0.006603
9/11/2022,985.59,0.004006
10/11/2022,947.24,-0.039688
11/11/2022,954.53,0.007667
14/11/2022,941.04,-0.014233
15/11/2022,911.9,-0.031455
16/11/2022,942.9,0.03343
17/11/2022,969.26,0.027573
18/11/2022,969.33,7.2e-05
21/11/2022,960.65,-0.008995
22/11/2022,952.12,-0.008919
23/11/2022,946,-0.006449
24/11/2022,947.71,0.001806
25/11/2022,971.46,0.024752
28/11/2022,1005.69,0.034629
29/11/2022,1032.16,0.02598
30/11/2022,1048.42,0.015631
1/12/2022,1036.28,-0.011647
2/12/2022,1080.01,0.041333
5/12/2022,1093.67,0.012569
6/12/2022,1048.69,-0.041997
7/12/2022,1041.02,-0.007341
8/12/2022,1050.53,0.009094
9/12/2022,1051.81,0.001218
12/12/2022,1032.07,-0.018946
13/12/2022,1047.45,0.014792
14/12/2022,1050.43,0.002841
15/12/2022,1055.32,0.004644
16/12/2022,1052.48,-0.002695
19/12/2022,1038.4,-0.013468
20/12/2022,1023.13,-0.014815
21/12/2022,1018.88,-0.004163
22/12/2022,1022.61,0.003654
23/12/2022,1020.34,-0.002222
26/12/2022,985.21,-0.035036
27/12/2022,1004.57,0.01946
28/12/2022,1015.66,0.010979
29/12/2022,1009.29,-0.006292
30/12/2022,1007.09,-0.002182
3/01/2023,1043.9,0.035899
4/01/2023,1046.35,0.002344
5/01/2023,1055.82,0.00901
6/01/2023,1051.44,-0.004157
9/01/2023,1054.21,0.002631
10/01/2023,1053.35,-0.000816
11/01/2023,1055.76,0.002285
12/01/2023,1056.39,0.000597
13/01/2023,1060.17,0.003572
16/01/2023,1066.68,0.006122
17/01/2023,1088.29,0.020057
18/01/2023,1098.28,0.009138
19/01/2023,1108.08,0.008883
27/01/2023,1117.1,0.008107
30/01/2023,1102.57,-0.013092
31/01/2023,1111.18,0.007779
1/02/2023,1075.97,-0.0322
2/02/2023,1077.59,0.001504
3/02/2023,1077.15,-0.000408
6/02/2023,1089.29,0.011207
7/02/2023,1065.84,-0.021763
8/02/2023,1072.22,0.005968
9/02/2023,1064.03,-0.007668
10/02/2023,1055.3,-0.008238
13/02/2023,1043.7,-0.011053
14/02/2023,1038.64,-0.00486
15/02/2023,1048.2,0.009162
16/02/2023,1058.29,0.00958
17/02/2023,1059.31,0.000963
20/02/2023,1086.69,0.025519
21/02/2023,1082.23,-0.004113
22/02/2023,1054.28,-0.026166
23/02/2023,1053.66,-0.000588
24/02/2023,1039.56,-0.013472
27/02/2023,1021.25,-0.01777
28/02/2023,1024.68,0.003353
1/03/2023,1040.55,0.015369
2/03/2023,1037.61,-0.002829
3/03/2023,1024.77,-0.012452
6/03/2023,1027.18,0.002349
7/03/2023,1037.84,0.010324
8/03/2023,1049.18,0.010867
9/03/2023,1055.95,0.006432
10/03/2023,1053,-0.002798
13/03/2023,1052.8,-0.00019
14/03/2023,1040.13,-0.012108
15/03/2023,1062.19,0.020987
16/03/2023,1047.4,-0.014022
17/03/2023,1045.14,-0.00216
20/03/2023,1023.1,-0.021314
21/03/2023,1032.43,0.009078
22/03/2023,1040.54,0.007825
23/03/2023,1045.1,0.004373
24/03/2023,1046.79,0.001616
27/03/2023,1052.25,0.005202
28/03/2023,1054.29,0.001937
29/03/2023,1056.33,0.001933
30/03/2023,1059.44,0.00294
31/03/2023,1064.64,0.004896
3/04/2023,1079.28,0.013657
4/04/2023,1078.45,-0.000769
5/04/2023,1080.86,0.002232
6/04/2023,1070.91,-0.009248
7/04/2023,1069.71,-0.001121
10/04/2023,1065.35,-0.004084
11/04/2023,1069.46,0.00385
12/04/2023,1069.45,-9.00E-06
13/04/2023,1064.3,-0.004827
14/04/2023,1052.89,-0.010779
17/04/2023,1053.81,0.000873
18/04/2023,1055.02,0.001148
19/04/2023,1048.98,-0.005741
20/04/2023,1049.25,0.000257
21/04/2023,1042.91,-0.006061
24/04/2023,1041.36,-0.001487
25/04/2023,1034.85,-0.006271
26/04/2023,1040.8,0.005733
27/04/2023,1039.63,-0.001125
28/04/2023,1049.12,0.009087
4/05/2023,1040.61,-0.008145
5/05/2023,1040.31,-0.000288
8/05/2023,1053.44,0.012542
9/05/2023,1053.77,0.000313
10/05/2023,1058.26,0.004252
11/05/2023,1057.12,-0.001078
12/05/2023,1066.9,0.009209
15/05/2023,1065.71,-0.001116
16/05/2023,1065.91,0.000188
17/05/2023,1060.44,-0.005145
18/05/2023,1068.31,0.007394
19/05/2023,1067.07,-0.001161
22/05/2023,1070.64,0.00334
23/05/2023,1065.85,-0.004484
24/05/2023,1061.79,-0.003816
25/05/2023,1064.63,0.002671
26/05/2023,1063.76,-0.000818
29/05/2023,1074.98,0.010492
30/05/2023,1078.05,0.002852
31/05/2023,1075.17,-0.002675
1/06/2023,1078.39,0.00299
2/06/2023,1090.84,0.011479
5/06/2023,1097.82,0.006378
6/06/2023,1108.31,0.00951
7/06/2023,1109.54,0.001109
8/06/2023,1101.32,-0.007436
9/06/2023,1107.53,0.005623
12/06/2023,1116.02,0.007636
13/06/2023,1122.46,0.005754
14/06/2023,1117.42,-0.0045
15/06/2023,1116.97,-0.000403
16/06/2023,1115.22,-0.001568
19/06/2023,1105.4,-0.008844
20/06/2023,1111.72,0.005701
21/06/2023,1118.46,0.006044
22/06/2023,1125.3,0.006097
23/06/2023,1129.38,0.003619
26/06/2023,1132.03,0.002344
27/06/2023,1134.33,0.00203
28/06/2023,1138.35,0.003538
29/06/2023,1125.39,-0.01145
30/06/2023,1120.18,-0.00464
3/07/2023,1125.5,0.004738
4/07/2023,1132,0.005759
5/07/2023,1134.62,0.002312
6/07/2023,1126.22,-0.007431
7/07/2023,1138.07,0.010467
10/07/2023,1149.02,0.009576
11/07/2023,1151.77,0.00239
12/07/2023,1154.2,0.002108
13/07/2023,1165.42,0.009674
14/07/2023,1168.4,0.002554
17/07/2023,1173.13,0.00404
18/07/2023,1174.09,0.000818
19/07/2023,1172.98,-0.000946
20/07/2023,1172.81,-0.000145
21/07/2023,1185.9,0.011099
24/07/2023,1190.72,0.004056
25/07/2023,1195.9,0.004341
26/07/2023,1200.84,0.004122
27/07/2023,1197.33,-0.002927
28/07/2023,1207.67,0.008599
31/07/2023,1222.9,0.012532
1/08/2023,1217.56,-0.004376
2/08/2023,1220.43,0.002354
3/08/2023,1210.95,-0.007798
4/08/2023,1225.98,0.012335
7/08/2023,1241.42,0.012515
8/08/2023,1242.23,0.000652
9/08/2023,1233.99,-0.006655
10/08/2023,1220.61,-0.010902
11/08/2023,1232.21,0.009459
14/08/2023,1236.84,0.00375
15/08/2023,1234.05,-0.002258
16/08/2023,1243.26,0.007436
17/08/2023,1233.48,-0.007898
18/08/2023,1177.99,-0.04603
21/08/2023,1179.76,0.001501
22/08/2023,1180.49,0.000619
23/08/2023,1172.56,-0.00674
24/08/2023,1189.39,0.014251
25/08/2023,1183.37,-0.005074
28/08/2023,1201.72,0.015388
29/08/2023,1204.43,0.002253
30/08/2023,1213.16,0.007222
31/08/2023,1224.05,0.008937
5/09/2023,1234.98,0.00889
6/09/2023,1245.5,0.008482
7/09/2023,1243.14,-0.001897
8/09/2023,1241.48,-0.001336
11/09/2023,1223.63,-0.014482
12/09/2023,1245.44,0.017667
13/09/2023,1238.39,-0.005677
14/09/2023,1223.81,-0.011843
15/09/2023,1227.36,0.002897
18/09/2023,1211.81,-0.01275
19/09/2023,1211.5,-0.000256
20/09/2023,1226.11,0.011987
21/09/2023,1212.74,-0.010964
22/09/2023,1193.05,-0.016369
25/09/2023,1153.2,-0.033972
26/09/2023,1137.96,-0.013304
27/09/2023,1153.85,0.013867
28/09/2023,1152.43,-0.001231
29/09/2023,1154.15,0.001491
2/10/2023,1155.25,0.000953
3/10/2023,1118.1,-0.032686
4/10/2023,1128.67,0.009409
5/10/2023,1113.89,-0.013182
6/10/2023,1128.54,0.013066
9/10/2023,1137.36,0.007785
10/10/2023,1143.69,0.00555
11/10/2023,1150.81,0.006206
12/10/2023,1151.61,0.000695
13/10/2023,1154.73,0.002706
16/10/2023,1141.42,-0.011593
17/10/2023,1121.65,-0.017472
18/10/2023,1103.4,-0.016404
19/10/2023,1087.85,-0.014193
20/10/2023,1108.03,0.01838
23/10/2023,1093.53,-0.013173
24/10/2023,1105.9,0.011248
25/10/2023,1101.66,-0.003841
26/10/2023,1055.45,-0.042851
27/10/2023,1060.62,0.004886
30/10/2023,1042.4,-0.017328
31/10/2023,1028.19,-0.013726
1/11/2023,1039.66,0.011094
2/11/2023,1075.47,0.033864
3/11/2023,1076.78,0.001217
6/11/2023,1089.66,0.011891
7/11/2023,1080.29,-0.008636
8/11/2023,1113.43,0.030216
9/11/2023,1113.89,0.000413
10/11/2023,1101.68,-0.011022
13/11/2023,1100.07,-0.001462
14/11/2023,1109.73,0.008743
15/11/2023,1122.5,0.011442
16/11/2023,1125.53,0.002696
17/11/2023,1101.19,-0.021863
20/11/2023,1103.66,0.002241
21/11/2023,1110.46,0.006142
22/11/2023,1113.82,0.003021
23/11/2023,1088.49,-0.023004
24/11/2023,1095.61,0.00652
27/11/2023,1088.06,-0.006915
28/11/2023,1095.43,0.006751
29/11/2023,1102.8,0.006705
30/11/2023,1094.13,-0.007893
1/12/2023,1102.16,0.007312
4/12/2023,1120.49,0.016494
5/12/2023,1115.97,-0.004042
6/12/2023,1126.43,0.009329
7/12/2023,1121.49,-0.004395
8/12/2023,1124.44,0.002627
11/12/2023,1125.5,0.000942
12/12/2023,1127.63,0.001891
13/12/2023,1114.2,-0.011981
14/12/2023,1110.13,-0.00366
15/12/2023,1102.3,-0.007078
18/12/2023,1091.88,-0.009498
19/12/2023,1096.3,0.00404
20/12/2023,1100.76,0.00406
21/12/2023,1102.43,0.001516
22/12/2023,1103.06,0.000571
25/12/2023,1117.66,0.013149
26/12/2023,1122.25,0.004098
27/12/2023,1121.99,-0.000232
28/12/2023,1128.93,0.006166
29/12/2023,1129.93,0.000885
2/01/2024,1131.72,0.001583
3/01/2024,1144.17,0.010941
4/01/2024,1150.72,0.005708
5/01/2024,1154.68,0.003435
8/01/2024,1160.19,0.004761
9/01/2024,1158.59,-0.00138
10/01/2024,1161.54,0.002543
11/01/2024,1162.22,0.000585
12/01/2024,1154.7,-0.006491
15/01/2024,1154.12,-0.000502
16/01/2024,1163.12,0.007768
17/01/2024,1162.53,-0.000507
18/01/2024,1169.06,0.005601
19/01/2024,1181.5,0.010585
22/01/2024,1182.86,0.00115
23/01/2024,1177.5,-0.004542
24/01/2024,1172.97,-0.003855
25/01/2024,1170.37,-0.002219
26/01/2024,1175.67,0.004518
29/01/2024,1175.69,1.7e-05
30/01/2024,1179.65,0.003363
31/01/2024,1164.31,-0.013089
1/02/2024,1173.02,0.007453
2/02/2024,1172.55,-0.000401
5/02/2024,1186.06,0.011456
6/02/2024,1188.48,0.002038
7/02/2024,1198.53,0.008421
15/02/2024,1202.5,0.003307
16/02/2024,1209.7,0.00597
19/02/2024,1224.97,0.012544
20/02/2024,1230.06,0.004147
21/02/2024,1230.04,-1.60E-05
22/02/2024,1227.31,-0.002222
23/02/2024,1212,-0.012553
26/02/2024,1224.17,0.009991
27/02/2024,1237.46,0.010798
28/02/2024,1254.55,0.013716
29/02/2024,1252.73,-0.001452
1/03/2024,1258.28,0.004421
4/03/2024,1261.41,0.002484
5/03/2024,1269.98,0.006771
6/03/2024,1262.73,-0.005725
7/03/2024,1268.46,0.004528
8/03/2024,1247.35,-0.016782
11/03/2024,1235.49,-0.009554
12/03/2024,1245,0.007668
13/03/2024,1270.51,0.020283
14/03/2024,1264.26,-0.004931
15/03/2024,1263.78,-0.00038
18/03/2024,1243.56,-0.016129
19/03/2024,1242.46,-0.000885
20/03/2024,1260.08,0.014082
21/03/2024,1276.42,0.012884
22/03/2024,1281.8,0.004206
25/03/2024,1267.86,-0.010935
26/03/2024,1282.21,0.011255
27/03/2024,1283.09,0.000686
28/03/2024,1290.18,0.005511
29/03/2024,1284.09,-0.004731
1/04/2024,1281.52,-0.002003
2/04/2024,1287.04,0.004298
3/04/2024,1271.47,-0.012171
4/04/2024,1268.25,-0.002536
5/04/2024,1255.11,-0.010415
8/04/2024,1250.35,-0.0038
9/04/2024,1262.82,0.009924
10/04/2024,1258.56,-0.003379
11/04/2024,1258.2,-0.000286
12/04/2024,1276.6,0.014518
15/04/2024,1216.61,-0.048132
16/04/2024,1215.68,-0.000765
17/04/2024,1193.01,-0.018824
19/04/2024,1174.85,-0.015339
22/04/2024,1190.22,0.012998
23/04/2024,1177.4,-0.01083
24/04/2024,1205.61,0.023677
25/04/2024,1204.97,-0.000531
26/04/2024,1209.52,0.003769
2/05/2024,1216.36,0.005639
3/05/2024,1221.03,0.003832
6/05/2024,1241.58,0.01669
7/05/2024,1248.63,0.005662
8/05/2024,1250.46,0.001465
9/05/2024,1248.64,-0.001457
10/05/2024,1244.7,-0.00316
13/05/2024,1240.18,-0.003638
14/05/2024,1243.28,0.002497
15/05/2024,1254.39,0.008896
16/05/2024,1268.78,0.011406
17/05/2024,1273.11,0.003407
20/05/2024,1277.58,0.003505
21/05/2024,1277.14,-0.000344
22/05/2024,1266.91,-0.008042
23/05/2024,1281.03,0.011084
24/05/2024,1261.93,-0.015022
27/05/2024,1267.68,0.004546
28/05/2024,1281.73,0.011022
29/05/2024,1272.64,-0.007117
30/05/2024,1266.32,-0.004978
31/05/2024,1261.72,-0.003639
3/06/2024,1280,0.014384
4/06/2024,1283.52,0.002746
5/06/2024,1284.35,0.000646
6/06/2024,1283.56,-0.000615
7/06/2024,1287.58,0.003127
10/06/2024,1290.67,0.002397
11/06/2024,1284.41,-0.004862
12/06/2024,1300.19,0.012211
13/06/2024,1301.51,0.001015
14/06/2024,1279.91,-0.016735
17/06/2024,1274.77,-0.004024
18/06/2024,1279.5,0.003704
19/06/2024,1279.79,0.000227
20/06/2024,1282.3,0.001959
21/06/2024,1282.02,-0.000218
24/06/2024,1254.12,-0.022003
25/06/2024,1256.56,0.001944
26/06/2024,1261.24,0.003718
27/06/2024,1259.09,-0.001706
28/06/2024,1245.32,-0.010997
1/07/2024,1254.56,0.007392
2/07/2024,1269.79,0.012067
3/07/2024,1276.85,0.005545
4/07/2024,1279.89,0.002378
5/07/2024,1283.04,0.002458
8/07/2024,1283.56,0.000405
9/07/2024,1293.71,0.007877
10/07/2024,1285.94,-0.006024
11/07/2024,1283.8,-0.001666
12/07/2024,1280.75,-0.002379
15/07/2024,1279.82,-0.000726
16/07/2024,1281.18,0.001062
17/07/2024,1268.66,-0.00982
18/07/2024,1274.44,0.004546
19/07/2024,1264.78,-0.007609
22/07/2024,1254.64,-0.00805
23/07/2024,1231.81,-0.018364
24/07/2024,1238.47,0.005392
25/07/2024,1233.19,-0.004272
26/07/2024,1242.11,0.007207
29/07/2024,1246.6,0.003608
30/07/2024,1245.06,-0.001236
31/07/2024,1251.51,0.005167
1/08/2024,1226.96,-0.019811
2/08/2024,1236.6,0.007826
5/08/2024,1188.07,-0.040036
6/08/2024,1210.28,0.018522
7/08/2024,1215.88,0.004616
8/08/2024,1208.32,-0.006237
9/08/2024,1223.64,0.012599
12/08/2024,1230.28,0.005412
13/08/2024,1230.42,0.000114
14/08/2024,1230.36,-4.90E-05
15/08/2024,1223.56,-0.005542
16/08/2024,1252.23,0.023161
19/08/2024,1261.62,0.007471
20/08/2024,1272.55,0.008626
21/08/2024,1284.05,0.008996
22/08/2024,1282.78,-0.00099
23/08/2024,1285.32,0.001978
26/08/2024,1280.02,-0.004132
27/08/2024,1280.56,0.000422
28/08/2024,1281.44,0.000687
29/08/2024,1281.47,2.3e-05
30/08/2024,1283.87,0.001871
4/09/2024,1275.8,-0.006306
5/09/2024,1268.21,-0.005967
6/09/2024,1273.96,0.004524
9/09/2024,1267.73,-0.004902
10/09/2024,1255.23,-0.009909
11/09/2024,1253.27,-0.001563
12/09/2024,1256.35,0.002455
13/09/2024,1251.71,-0.0037
16/09/2024,1239.26,-0.009996
17/09/2024,1258.95,0.015764
18/09/2024,1264.9,0.004715
19/09/2024,1271.27,0.005023
20/09/2024,1272.04,0.000606
23/09/2024,1268.48,-0.002803
24/09/2024,1276.99,0.006686
25/09/2024,1287.48,0.008181
26/09/2024,1291.49,0.00311
27/09/2024,1290.92,-0.000441
30/09/2024,1287.94,-0.002311
